"https://idp2.dcu.ie/idp/profile/Metadata/SAML","Dublin City University","dcu","dcu.unity.ac","Ireland","Europe/Dublin","en_GB","[a-zA-Z0-9\._-]*dcu[.][a-zA-Z\._-]*ie","","""https://idp.cit.ie/idp","Cork Institute of Technology","cit","cit.unity.ac","Ireland","Europe/Dublin","en_GB","[a-zA-Z0-9\._-]*cit[.][a-zA-Z\._-]*ie","","the""https://idp.lit.ie/saml2","Limerick Institute of Technology","lit","lit.unity.ac","Ireland","Europe/Dublin","en_GB","[a-zA-Z0-9\._-]*lit[.][a-zA-Z\._-]*ie","","the""https://idp.gmit.ie/idp/shibboleth","Galway-Mayo Institute of Technology","gmit","gmit.unity.ac","Ireland","Europe/Dublin","en_GB","[a-zA-Z0-9\._-]*gmit[.][a-zA-Z\._-]*ie","","the""https://idp.wit.ie/idp/shibboleth","Waterford Institute of Technology","wit","wit.unity.ac","Ireland","Europe/Dublin","en_GB","[a-zA-Z0-9\._-]*wit[.][a-zA-Z\._-]*ie","","the""https://idp.iadt.ie/idp/shibboleth","IADT Dun Laoghaire","iadt","iadt.unity.ac","Ireland","Europe/Dublin","en_GB","[a-zA-Z0-9\._-]*iadt[.][a-zA-Z\._-]*ie","","""https://sso.ucd.ie/idp/shibboleth","University College Dublin","ucd","ucd.unity.ac","Ireland","Europe/Dublin","en_GB","[a-zA-Z0-9\._-]*ucd[.][a-zA-Z\._-]*ie","","""https://idp.rcsi.ie/idp/shibboleth","ROYAL COLLEGE OF SURGEONS IN IRELAND","rcsi","rcsi.unity.ac","Ireland","Europe/Dublin","en_GB","[a-zA-Z0-9\._-]*rcsi[.][a-zA-Z\._-]*ie","","the""https://idp.ncad.ie/idp/shibboleth","National College of Art and Design","ncad","ncad.unity.ac","Ireland","Europe/Dublin","en_GB","[a-zA-Z0-9\._-]*ncad[.][a-zA-Z\._-]*ie","","the""https://idp.ait.ie/idp/shibboleth","Athlone Institute of Technology","ait","ait.unity.ac","Ireland","Europe/Dublin","en_GB","[a-zA-Z0-9\._-]*ait[.][a-zA-Z\._-]*ie","","the""https://idp.tcd.ie/idp/shibboleth","Trinity College Dublin","tcd","tcd.unity.ac","Ireland","Europe/Dublin","en_GB","[a-zA-Z0-9\._-]*tcd[.][a-zA-Z\._-]*ie","","""https://idp.it-tallaght.ie/idp/shibboleth","Tallaght Institute of Technology","it-tallaght","it-tallaght.unity.ac","Ireland","Europe/Dublin","en_GB","[a-zA-Z0-9\._-]*it-tallaght[.][a-zA-Z\._-]*ie","","the""https://idp.lyit.ie/idp/shibboleth","Letterkenny Institute of Technology","lyit","lyit.unity.ac","Ireland","Europe/Dublin","en_GB","[a-zA-Z0-9\._-]*lyit[.][a-zA-Z\._-]*ie","","the""https://idp.itcarlow.ie/idp/shibboleth","Institute of Technology, Carlow","itcarlow","itcarlow.unity.ac","Ireland","Europe/Dublin","en_GB","[a-zA-Z0-9\._-]*itcarlow[.][a-zA-Z\._-]*ie","","the""https://hidp.ucc.ie/idp/shibboleth","University College Cork","ucc","ucc.unity.ac","Ireland","Europe/Dublin","en_GB","[a-zA-Z0-9\._-]*ucc[.][a-zA-Z\._-]*ie","","""https://idp.nuim.ie/idp/shibboleth","National University of Ireland, Maynooth","nuim","nuim.unity.ac","Ireland","Europe/Dublin","en_GB","[a-zA-Z0-9\._-]*nuim[.][a-zA-Z\._-]*ie","","""https://idp.bcfe.ie/idp/shibboleth","Ballyfermot College of Further Education","bcfe","bcfe.unity.ac","Ireland","Europe/Dublin","en_GB","[a-zA-Z0-9\._-]*bcfe[.][a-zA-Z\._-]*ie","","""https://idp.dias.ie/idp/shibboleth","Dublin Institute for Advanced Studies","dias","dias.unity.ac","Ireland","Europe/Dublin","en_GB","[a-zA-Z0-9\._-]*dias[.][a-zA-Z\._-]*ie","","the""https://idp.rcpi.ie/idp/shibboleth","ROYAL COLLEGE OF PHYSICIANS OF IRELAND","rcpi","rcpi.unity.ac","Ireland","Europe/Dublin","en_GB","[a-zA-Z0-9\._-]*rcpi[.][a-zA-Z\._-]*ie","","the""https://aaf-login.uts.edu.au/idp/shibboleth","University of Technology Sydney","uts","uts.unity.ac","Australia","Australia/Sydney","en_GB","[a-zA-Z0-9\._-]*uts[.][a-zA-Z\._-]*edu[.]au","","the""https://aaf.garvan.org.au/idp/shibboleth","The Garvan Institute of Medical Research","garvan","garvan.unity.ac","Australia","Australia/Melbourne","en_GB","[a-zA-Z0-9\._-]*garvan[.][a-zA-Z\._-]*org[.]au","","""https://aaf.latrobe.edu.au/idp/shibboleth","La Trobe University","latrobe","latrobe.unity.ac","Australia","Australia/Melbourne","en_GB","[a-zA-Z0-9\._-]*latrobe[.][a-zA-Z\._-]*edu[.]au","","""https://aaf.nd.edu.au/idp/shibboleth","The University of Notre Dame Australia","nd","nd.unity.ac","Australia","Australia/Perth","en_GB","[a-zA-Z0-9\._-]*nd[.][a-zA-Z\._-]*edu[.]au","","""https://aaf.unsw.edu.au/idp/shibboleth","University of New South Wales","unsw","unsw.unity.ac","Australia","Australia/Sydney","en_GB","[a-zA-Z0-9\._-]*unsw[.][a-zA-Z\._-]*edu[.]au","","the""https://aaf1-idp.its.utas.edu.au/idp/shibboleth","University of Tasmania","utas","utas.unity.ac","Australia","Australia/Hobart","en_GB","[a-zA-Z0-9\._-]*utas[.][a-zA-Z\._-]*edu[.]au","","the""https://federation.sydney.edu.au/idp/shibboleth","University of Sydney","sydney","sydney.unity.ac","Australia","Australia/Sydney","en_GB","[a-zA-Z0-9\._-]*sydney[.][a-zA-Z\._-]*edu[.]au","","the""https://fidp.usc.edu.au/idp/shibboleth","University of the Sunshine Coast","usc","usc.unity.ac","Australia","Australia/Brisbane","en_GB","[a-zA-Z0-9\._-]*usc[.][a-zA-Z\._-]*edu[.]au","","the""https://idp-aaf-prd.usq.edu.au/idp/shibboleth","University of Southern Queensland","usq","usq.unity.ac","Australia","Australia/Brisbane","en_GB","[a-zA-Z0-9\._-]*usq[.][a-zA-Z\._-]*edu[.]au","","the""https://idp-prod.bond.edu.au/idp/shibboleth","Bond University","bond","bond.unity.ac","Australia","Australia/Brisbane","en_GB","[a-zA-Z0-9\._-]*bond[.][a-zA-Z\._-]*edu[.]au","","""https://idp.ballarat.edu.au/idp/shibboleth","Federation University Australia","federation","federation.unity.ac","Australia","Australia/Melbourne","en_GB","[a-zA-Z0-9\._-]*federation[.][a-zA-Z\._-]*edu[.]au","","""https://idp.canberra.edu.au/idp/shibboleth","University of Canberra","canberra","canberra.unity.ac","Australia","Australia/Sydney","en_GB","[a-zA-Z0-9\._-]*canberra[.][a-zA-Z\._-]*edu[.]au","","the""https://idp.cc.swin.edu.au/idp/shibboleth","Swinburne University of Technology","swin","swin.unity.ac","Australia","Australia/Melbourne","en_GB","[a-zA-Z0-9\._-]*swin[.][a-zA-Z\._-]*edu[.]au","","""https://idp.cdu.edu.au/idp/shibboleth","Charles Darwin University","cdu","cdu.unity.ac","Australia","Australia/Darwin","en_GB","[a-zA-Z0-9\._-]*cdu[.][a-zA-Z\._-]*edu[.]au","","""https://idp.central.wa.edu.au/idp/shibboleth","Central Institute of Technology","central","central.unity.ac","Australia","Australia/Perth","en_GB","[a-zA-Z0-9\._-]*central[.][a-zA-Z\._-]*edu[.]au","","the""https://idp.cqu.edu.au/idp/shibboleth","Central Queensland University","cqu","cqu.unity.ac","Australia","Australia/Brisbane","en_GB","[a-zA-Z0-9\._-]*cqu[.][a-zA-Z\._-]*edu[.]au","","""https://idp.csu.edu.au/idp/shibboleth","Charles Sturt University","csu","csu.unity.ac","Australia","Australia/Sydney","en_GB","[a-zA-Z0-9\._-]*csu[.][a-zA-Z\._-]*edu[.]au","","""https://idp.flinders.edu.au/idp/shibboleth","Flinders University","flinders","flinders.unity.ac","Australia","Australia/Adelaide","en_GB","[a-zA-Z0-9\._-]*flinders[.][a-zA-Z\._-]*edu[.]au","","""https://idp.jcu.edu.au/idp/shibboleth","James Cook University","jcu","jcu.unity.ac","Australia","Australia/Brisbane","en_GB","[a-zA-Z0-9\._-]*jcu[.][a-zA-Z\._-]*edu[.]au","","""https://idp.monash.edu.au/idp/shibboleth","Monash University","monash","monash.unity.ac","Australia","Australia/Melbourne","en_GB","[a-zA-Z0-9\._-]*monash[.][a-zA-Z\._-]*edu[.]au","","""https://idp.murdoch.edu.au/idp/shibboleth","Murdoch University","murdoch","murdoch.unity.ac","Australia","Australia/Perth","en_GB","[a-zA-Z0-9\._-]*murdoch[.][a-zA-Z\._-]*edu[.]au","","""https://idp.newcastle.edu.au/idp/shibboleth","Newcastle University","newcastle","newcastle.unity.ac","Australia","Australia/Sydney","en_GB","[a-zA-Z0-9\._-]*newcastle[.][a-zA-Z\._-]*edu[.]au","","""https://idp.qut.edu.au/idp/shibboleth","Queensland University of Technology","qut","qut.unity.ac","Australia","Australia/Brisbane","en_GB","[a-zA-Z0-9\._-]*qut[.][a-zA-Z\._-]*edu[.]au","","""https://idp.scu.edu.au/idp/shibboleth","Southern Cross University","scu","scu.unity.ac","Australia","Australia/Sydney","en_GB","[a-zA-Z0-9\._-]*scu[.][a-zA-Z\._-]*edu[.]au","","""https://idp.une.edu.au/idp/shibboleth","University of New England","une","une.unity.ac","Australia","Australia/Sydney","en_GB","[a-zA-Z0-9\._-]*une[.][a-zA-Z\._-]*edu[.]au","","the""https://idp.unimelb.edu.au/idp/shibboleth","University of Melbourne","unimelb","unimelb.unity.ac","Australia","Australia/Melbourne","en_GB","[a-zA-Z0-9\._-]*unimelb[.][a-zA-Z\._-]*edu[.]au","","the""https://idp.uow.edu.au/idp/shibboleth","University of Wollongong","uow","uow.unity.ac","Australia","Australia/Sydney","en_GB","[a-zA-Z0-9\._-]*uow[.][a-zA-Z\._-]*edu[.]au","","the""https://idp.uwa.edu.au/idp/shibboleth","University of Western Australia","uwa","uwa.unity.ac","Australia","Australia/Perth","en_GB","[a-zA-Z0-9\._-]*uwa[.][a-zA-Z\._-]*edu[.]au","","the""https://idp.uws.edu.au/idp/shibboleth","University of Western Sydney","uwsau","uwsau.unity.ac","Australia","Australia/Sydney","en_GB","[a-zA-Z0-9\._-]*uws[.][a-zA-Z\._-]*edu[.]au","","the""https://idp1.griffith.edu.au/idp/shibboleth","Griffith University","griffith","griffith.unity.ac","Australia","Australia/Brisbane","en_GB","[a-zA-Z0-9\._-]*gu[.][a-zA-Z\._-]*edu[.]au|[a-zA-Z0-9\._-]*griffith[.][a-zA-Z\._-]*edu[.]au","","""https://idpp1.curtin.edu.au/idp/shibboleth","Curtin University of Technology","curtin","curtin.unity.ac","Australia","Australia/Perth","en_GB","[a-zA-Z0-9\._-]*curtin[.][a-zA-Z\._-]*edu[.]au","","""https://idpweb1.vu.edu.au/idp/shibboleth","Victoria University","victoria","victoria.unity.ac","Australia","Australia/Melbourne","en_GB","[a-zA-Z0-9\._-]*vu[.][a-zA-Z\._-]*edu[.]au","","""https://shib-idp.acu.edu.au/idp/shibboleth","Australian Catholic University","acu","acu.unity.ac","Australia","Australia/Sydney","en_GB","[a-zA-Z0-9\._-]*acu[.][a-zA-Z\._-]*edu[.]au","","""https://shibidp.ecu.edu.au/idp/shibboleth","Edith Cowan University","ecu","ecu.unity.ac","Australia","Australia/Perth","en_GB","[a-zA-Z0-9\._-]*ecu[.][a-zA-Z\._-]*edu[.]au","","""https://signon.deakin.edu.au/idp/shibboleth","Deakin University","deakin","deakin.unity.ac","Australia","Australia/Melbourne","en_GB","[a-zA-Z0-9\._-]*deakin[.][a-zA-Z\._-]*edu[.]au","","""https://sso-shibboleth.rmit.edu.au/idp/shibboleth","RMIT University","rmit","rmit.unity.ac","Australia","Australia/Melbourne","en_GB","[a-zA-Z0-9\._-]*rmit[.][a-zA-Z\._-]*edu[.]au","","""https://unisa.edu.au/idp/shibboleth","University of South Australia","unisa","unisa.unity.ac","Australia","Australia/Adelaide","en_GB","[a-zA-Z0-9\._-]*unisa[.][a-zA-Z\._-]*edu[.]au","","the""urn:mace:federation.org.au:testfed:au-idp.adelaide.edu.au","University of Adelaide","adelaide","adelaide.unity.ac","Australia","Australia/Adelaide","en_GB","[a-zA-Z0-9\._-]*adelaide[.][a-zA-Z\._-]*edu[.]au","","the""urn:mace:federation.org.au:testfed:mq.edu.au","Macquarie University","mq","mq.unity.ac","Australia","Australia/Sydney","en_GB","[a-zA-Z0-9\._-]*mq[.][a-zA-Z\._-]*edu[.]au","","""urn:mace:federation.org.au:testfed:uq.edu.au","University of Queensland","uq","uq.unity.ac","Australia","Australia/Brisbane","en_GB","[a-zA-Z0-9\._-]*uq[.][a-zA-Z\._-]*edu[.]au","","the""http://idp.chalmers.se/adfs/services/trust","Chalmers University of Technology","chalmers","chalmers.unity.ac","Sweden","Europe/Stockholm","sv_SE","[a-zA-Z0-9\._-]*chalmers[.][a-zA-Z\._-]*se","","""https://idp.hig.se/idp/shibboleth","University of Gävle","hig","hig.unity.ac","Sweden","Europe/Stockholm","sv_SE","[a-zA-Z0-9\._-]*hig[.][a-zA-Z\._-]*se","","the""https://idp.lnu.se/idp/shibboleth","Växjö University","lnu","lnu.unity.ac","Sweden","Europe/Stockholm","sv_SE","[a-zA-Z0-9\._-]*vxu[.][a-zA-Z\._-]*se|[a-zA-Z0-9\._-]*hik[.][a-zA-Z\._-]*se|[a-zA-Z0-9\._-]*lnu[.][a-zA-Z\._-]*se","","""https://login.du.se/idp/shibboleth","Dalarna University College","du","du.unity.ac","Sweden","Europe/Stockholm","sv_SE","[a-zA-Z0-9\._-]*du[.][a-zA-Z\._-]*se","","""https://idp.mah.se/idp/shibboleth","Malmo University","mah","mah.unity.ac","Sweden","Europe/Stockholm","sv_SE","[a-zA-Z0-9\._-]*mah[.][a-zA-Z\._-]*se","","""https://idp2-1.slu.se/idp/shibboleth","SLU","slu","slu.unity.ac","Sweden","Europe/Stockholm","sv_SE","[a-zA-Z0-9\._-]*slu[.][a-zA-Z\._-]*se","","""https://login.liu.se/idp/shibboleth","Linköping University 	","liu","liu.unity.ac","Sweden","Europe/Stockholm","sv_SE","[a-zA-Z0-9\._-]*liu[.][a-zA-Z\._-]*se","","""https://shibbo.ltu.se/idp/shibboleth","Lulea University","ltu","ltu.unity.ac","Sweden","Europe/Stockholm","sv_SE","[a-zA-Z0-9\._-]*luth[.][a-zA-Z\._-]*se|[a-zA-Z0-9\._-]*ltu[.][a-zA-Z\._-]*se","","""https://idp.hkr.se/idp/shibboleth","Kristianstad University","hkr","hkr.unity.ac","Sweden","Europe/Stockholm","sv_SE","[a-zA-Z0-9\._-]*hkr[.][a-zA-Z\._-]*se","","""https://idp.it.su.se/idp/shibboleth","Stockholms Universitet","su","su.unity.ac","Sweden","Europe/Stockholm","sv_SE","[a-zA-Z0-9\._-]*su[.][a-zA-Z\._-]*se","","""https://saml-1.sys.kth.se/idp/shibboleth","KTH Royal Institute of Technology","kth","kth.unity.ac","Sweden","Europe/Stockholm","sv_SE","[a-zA-Z0-9\._-]*kth[.][a-zA-Z\._-]*se","","""https://shib-idp-1.oru.se/idp/shibboleth","Örebro University","oru","oru.unity.ac","Sweden","Europe/Stockholm","sv_SE","[a-zA-Z0-9\._-]*oru[.][a-zA-Z\._-]*se|[a-zA-Z0-9\._-]*orebroll[.][a-zA-Z\._-]*se","","""https://idp.umu.se/saml2/idp/metadata.php","Umea University","umea","umea.unity.ac","Sweden","Europe/Stockholm","sv_SE","[a-zA-Z0-9\._-]*umu[.][a-zA-Z\._-]*se","","""https://idp2.kau.se/idp/shibboleth","University of Karlstad","kau","kau.unity.ac","Sweden","Europe/Stockholm","sv_SE","[a-zA-Z0-9\._-]*kau[.][a-zA-Z\._-]*se","","the""https://shibb1.hj.se/idp/shibboleth","Jönköping University","hj","hj.unity.ac","Sweden","Europe/Stockholm","sv_SE","[a-zA-Z0-9\._-]*hj[.][a-zA-Z\._-]*se","","""https://idp.kb.se/idp/shibboleth","Kungliga biblioteket","kb","kb.unity.ac","Sweden","Europe/Stockholm","sv_SE","[a-zA-Z0-9\._-]*kb[.][a-zA-Z\._-]*se","","""https://signon.hh.se/idp/shibboleth","Halmstad University 		","hh","hh.unity.ac","Sweden","Europe/Stockholm","sv_SE","[a-zA-Z0-9\._-]*hh[.][a-zA-Z\._-]*se","","""https://vmidgw3.miun.se/idp/shibboleth","Mittuniversitetet","miun","miun.unity.ac","Sweden","Europe/Stockholm","sv_SE","[a-zA-Z0-9\._-]*miun[.][a-zA-Z\._-]*se","","""https://idp.irf.se/idp/shibboleth","Swedish Institute of Space Physics","irf","irf.unity.ac","Sweden","Europe/Stockholm","sv_SE","[a-zA-Z0-9\._-]*irf[.][a-zA-Z\._-]*se","","the""https://idp.student.bth.se/idp/shibboleth","Blekinge Institute of Technology","bth","bth.unity.ac","Sweden","Europe/Stockholm","sv_SE","[a-zA-Z0-9\._-]*bth[.][a-zA-Z\._-]*se","","the""https://identity.mdh.se/idp/shibboleth","Mälardalen University","mdh","mdh.unity.ac","Sweden","Europe/Stockholm","sv_SE","[a-zA-Z0-9\._-]*mdh[.][a-zA-Z\._-]*se","","""https://idp.it.gu.se/idp/shibboleth","Göteborg University","gu","gu.unity.ac","Sweden","Europe/Stockholm","sv_SE","[a-zA-Z0-9\._-]*gu[.][a-zA-Z\._-]*se","","""http://adfs01.fhs.se/adfs/services/trust","Försvarshögskolan","fhs","fhs.unity.ac","Sweden","Europe/Stockholm","sv_SE","[a-zA-Z0-9\._-]*fhs[.][a-zA-Z\._-]*se","","""https://idp.konstfack.se/idp/shibboleth","Konstfack","konstfack","konstfack.unity.ac","Sweden","Europe/Stockholm","sv_SE","[a-zA-Z0-9\._-]*konstfack[.][a-zA-Z\._-]*se","","""https://idp.kmh.se/idp/shibboleth","Kungliga Musikhögskolan","kmh","kmh.unity.ac","Sweden","Europe/Stockholm","sv_SE","[a-zA-Z0-9\._-]*kmh[.][a-zA-Z\._-]*se","","""https://shibboleth.net.lu.se/idp/shibboleth","Lund University","lu","lu.unity.ac","Sweden","Europe/Stockholm","sv_SE","[a-zA-Z0-9\._-]*lu[.][a-zA-Z\._-]*se","","""https://idp.kva.se/idp/shibboleth","Kungliga vetenskapsakademien","kva","kva.unity.ac","Sweden","Europe/Stockholm","sv_SE","[a-zA-Z0-9\._-]*kva[.][a-zA-Z\._-]*se","","""https://idp.esh.se/idp/shibboleth","Ersta Sköndal Högskola","esh","esh.unity.ac","Sweden","Europe/Stockholm","sv_SE","[a-zA-Z0-9\._-]*esh[.][a-zA-Z\._-]*se","","""https://kiidp.ki.se/idp/shibboleth","Karolinska Institutet","ki","ki.unity.ac","Sweden","Europe/Stockholm","sv_SE","[a-zA-Z0-9\._-]*ki[.][a-zA-Z\._-]*se","","""https://swamid2.shh.se/idp/shibboleth","Sophiahemmet Högskola","shh","shh.unity.ac","Sweden","Europe/Stockholm","sv_SE","[a-zA-Z0-9\._-]*shh[.][a-zA-Z\._-]*se","","""https://idp.suni.se/adfs/services/trust","Södertörns högskola","sh","sh.unity.ac","Sweden","Europe/Stockholm","sv_SE","[a-zA-Z0-9\._-]*sh[.][a-zA-Z\._-]*se","","""https://hbidp.hb.se/idp/shibboleth","University of Boras","hb","hb.unity.ac","Sweden","Europe/Stockholm","sv_SE","[a-zA-Z0-9\._-]*hb[.][a-zA-Z\._-]*se","","the""https://idp.his.se/idp/shibboleth","University of Skövde","his","his.unity.ac","Sweden","Europe/Stockholm","sv_SE","[a-zA-Z0-9\._-]*his[.][a-zA-Z\._-]*se","","the""https://idp2.hv.se/idp/shibboleth","University West","hv","hv.unity.ac","Sweden","Europe/Stockholm","sv_SE","[a-zA-Z0-9\._-]*hv[.][a-zA-Z\._-]*se","","""https://gihidentity01.ihs.se/idp/shibboleth","Gymnastik- och Idrottshögskolan","gih","gih.unity.ac","Sweden","Europe/Stockholm","sv_SE","[a-zA-Z0-9\._-]*gih[.][a-zA-Z\._-]*se","","""https://weblogin.uu.se/idp/shibboleth","Uppsala University","uuse","uuse.unity.ac","Sweden","Europe/Stockholm","sv_SE","[a-zA-Z0-9\._-]*uu[.][a-zA-Z\._-]*se","","""https://login.idp.hhs.se/idp/shibboleth","Stockholm School of Economics","hhs","hhs.unity.ac","Sweden","Europe/Stockholm","sv_SE","[a-zA-Z0-9\._-]*hhs[.][a-zA-Z\._-]*se","","the""https://aai-idp.unibe.ch/idp/shibboleth","Universitat Bern","unibe","unibe.unity.ac","Switzerland","Europe/Vienna","de_DE","[a-zA-Z0-9\._-]*unibe[.][a-zA-Z\._-]*ch","","""https://aai-idp.uzh.ch/idp/shibboleth","University of Zürich","uzh","uzh.unity.ac","Switzerland","Europe/Vienna","de_DE","[a-zA-Z0-9\._-]*uzh[.][a-zA-Z\._-]*ch","","the""https://aai-login.fh-htwchur.ch/idp/shibboleth","HTW Chur","htwchur","htwchur.unity.ac","Switzerland","Europe/Vienna","de_DE","[a-zA-Z0-9\._-]*htwchur[.][a-zA-Z\._-]*ch","","""https://aai-logon.bfh.ch/idp/shibboleth","BFH - Berner Fachhochschule","bfh","bfh.unity.ac","Switzerland","Europe/Vienna","de_DE","[a-zA-Z0-9\._-]*bfh[.][a-zA-Z\._-]*ch","","""https://aai-logon.fhnw.ch/idp/shibboleth","FHNW - Fachhochschule Nordwestschweiz","fhnw","fhnw.unity.ac","Switzerland","Europe/Vienna","de_DE","[a-zA-Z0-9\._-]*fhnw[.][a-zA-Z\._-]*ch","","""https://aai-logon.fhsg.ch/idp/shibboleth","FHS St. Gallen","fhsg","fhsg.unity.ac","Switzerland","Europe/Vienna","de_DE","[a-zA-Z0-9\._-]*fhsg[.][a-zA-Z\._-]*ch","","""https://aai-logon.hes-so.ch/idp/shibboleth","HES - SO","hes-so","hes-so.unity.ac","Switzerland","Europe/Vienna","fr_FR","[a-zA-Z0-9\._-]*hes-so[.][a-zA-Z\._-]*ch","","""https://aai-logon.uni.li/idp/shibboleth","Hochschule Liechtenstein","uni","uni.unity.ac","Liechtenstein","Europe/Vienna","de_DE","[a-zA-Z0-9\._-]*uni[.][a-zA-Z\._-]*li","","""https://aai-logon.wsl.ch/idp/shibboleth","WSL","wsl","wsl.unity.ac","Switzerland","Europe/Vienna","de_DE","[a-zA-Z0-9\._-]*wsl[.][a-zA-Z\._-]*ch","","""https://aai.rz.uni-leipzig.de/idp/shibboleth","Universität Leipzig","uni-leipzig","uni-leipzig.unity.ac","Germany","Europe/Berlin","de_DE","[a-zA-Z0-9\._-]*uni-leipzig[.][a-zA-Z\._-]*de","","""http://adfs.tue.nl/adfs/services/trust","Technische Universiteit Eindhoven","tue","tue.unity.ac","Netherlands","Europe/Amsterdam","nl_NL","[a-zA-Z0-9\._-]*tue[.][a-zA-Z\._-]*nl","","""https://cern.ch/login","CERN","cern","cern.unity.ac","Switzerland","Europe/Vienna","fr_FR","[a-zA-Z0-9\._-]*cern[.][a-zA-Z\._-]*ch","","""https://edugate.itb.ie/idp/shibboleth","Blanchardstown Institute of Technology","itb","itb.unity.ac","Ireland","Europe/Dublin","en_GB","[a-zA-Z0-9\._-]*itb[.][a-zA-Z\._-]*ie","","the""https://haka.saimia.fi/idp/shibboleth","Saimaa University of Applied Sciences","saimia","saimia.unity.ac","Finland","Europe/Helsinki","en_GB","[a-zA-Z0-9\._-]*saimia[.][a-zA-Z\._-]*fi","","""https://idem.ced.inaf.it/idp/shibboleth","Istituto Nazionale di Astrofisica - INAF","inaf","inaf.unity.ac","Italy","Europe/Rome","it_IT","[a-zA-Z0-9\._-]*inaf[.][a-zA-Z\._-]*it","","""https://idemfero.units.it/idp/shibboleth","Università degli Studi di Trieste","units","units.unity.ac","Italy","Europe/Rome","it_IT","[a-zA-Z0-9\._-]*units[.][a-zA-Z\._-]*it","","""https://idem.univpm.it/idp/shibboleth","Universita' Politecnica delle Marche","univpm","univpm.unity.ac","Italy","Europe/Rome","it_IT","[a-zA-Z0-9\._-]*univpm[.][a-zA-Z\._-]*it","","""https://idp1.hogent.be/idp/shibboleth","Hogeschool Gent","hogent","hogent.unity.ac","Belgium","Europe/Brussels","nl_NL","[a-zA-Z0-9\._-]*hogent[.][a-zA-Z\._-]*be","","""https://idp1.uwaterloo.ca/idp/shibboleth","University of Waterloo","uwaterloo","uwaterloo.unity.ac","Canada","America/New_York","en_US","[a-zA-Z0-9\._-]*uwaterloo[.][a-zA-Z\._-]*ca","","the""https://idp.aalto.fi/idp/shibboleth","Aalto-yliopisto","aalto","aalto.unity.ac","Finland","Europe/Helsinki","en_GB","[a-zA-Z0-9\._-]*aalto[.][a-zA-Z\._-]*fi","","""https://idp.abo.fi/idp/shibboleth","Åbo Akademi University","abo","abo.unity.ac","Finland","Europe/Helsinki","sv_SE","[a-zA-Z0-9\._-]*abo[.][a-zA-Z\._-]*fi","","""https://idp.cardiff.ac.uk/shibboleth","Cardiff University","cardiff","cardiff.unity.ac","United Kingdom","Europe/London","en_GB","[a-zA-Z0-9\._-]*cardiff[.][a-zA-Z\._-]*ac[.]uk|[a-zA-Z0-9\._-]*cf[.][a-zA-Z\._-]*ac[.]uk","","""https://idp.condorcet.be/idp/shibboleth","HEPH-Condorcet","condorcet","condorcet.unity.ac","Belgium","Europe/Brussels","fr_FR","[a-zA-Z0-9\._-]*condorcet[.][a-zA-Z\._-]*be","","""https://idp.craw.eu/idp/shibboleth","CRA-W","cra.wallonie","cra.wallonie.unity.ac","Belgium","Europe/Brussels","fr_FR","[a-zA-Z0-9\._-]*cra[.]wallonie[.][a-zA-Z\._-]*be","","""https://idp.crous-montpellier.fr/idp/shibboleth","CROUS Montpellier","crous-montpellier","crous-montpellier.unity.ac","France","Europe/Paris","fr_FR","[a-zA-Z0-9\._-]*crous-montpellier[.][a-zA-Z\._-]*fr","","""https://idp-css.irccs.garr.it/idp/shibboleth","Casa Sollievo della Sofferenza","operapadrepio","operapadrepio.unity.ac","Italy","Europe/Rome","it_IT","[a-zA-Z0-9\._-]*operapadrepio[.][a-zA-Z\._-]*it","","""https://idp.dit.ie/idp/shibboleth","Dublin Institute of Technology","dit","dit.unity.ac","Ireland","Europe/Dublin","en_GB","[a-zA-Z0-9\._-]*dit[.][a-zA-Z\._-]*ie","","the""https://idp.dkit.ie/idp/shibboleth","Dundalk Institute of Technology","dkit","dkit.unity.ac","Ireland","Europe/Dublin","en_GB","[a-zA-Z0-9\._-]*dkit[.][a-zA-Z\._-]*ie","","the""https://idp.ed.ac.uk/shibboleth","University of Edinburgh","ed","ed.unity.ac","United Kingdom","Europe/London","en_GB","[a-zA-Z0-9\._-]*edina[.][a-zA-Z\._-]*ac[.]uk|[a-zA-Z0-9\._-]*ed[.][a-zA-Z\._-]*ac[.]uk","","the""https://idp.epfl.ch/idp/shibboleth","Swiss Federal Institute of Technology","epfl","epfl.unity.ac","Switzerland","Europe/Vienna","fr_FR","[a-zA-Z0-9\._-]*epfl[.][a-zA-Z\._-]*ch","","the""https://idp.fh-kaernten.at/idp/shibboleth","Fachhochschule Kärnten","fh-kaernten","fh-kaernten.unity.ac","Austria","Europe/Vienna","de_DE","[a-zA-Z0-9\._-]*fh-kaernten[.][a-zA-Z\._-]*at","","""https://idp.fh-rosenheim.de/idp/shibboleth","Hochschule Rosenheim","fh-rosenheim","fh-rosenheim.unity.ac","Germany","Europe/Berlin","de_DE","[a-zA-Z0-9\._-]*fh-rosenheim[.][a-zA-Z\._-]*de","","""https://idp.hainaut-promsoc.be/idp/shibboleth","Hainaut-PromSoc","hainaut-promsoc","hainaut-promsoc.unity.ac","Belgium","Europe/Brussels","fr_FR","[a-zA-Z0-9\._-]*hainaut-promsoc[.][a-zA-Z\._-]*be","","""https://idp.hebis.de/uni-frankfurt","Goethe University Frankfurt","uni-frankfurt","uni-frankfurt.unity.ac","Germany","Europe/Berlin","de_DE","[a-zA-Z0-9\._-]*uni-frankfurt[.][a-zA-Z\._-]*de","","""https://idp.hs-esslingen.de/idp/shibboleth","Hochschule Esslingen","hs-esslingen","hs-esslingen.unity.ac","Germany","Europe/Berlin","de_DE","[a-zA-Z0-9\._-]*hs-esslingen[.][a-zA-Z\._-]*de","","""https://idp.hslu.ch/idp/shibboleth","HSLU - Hochschule Luzern","hslu","hslu.unity.ac","Switzerland","Europe/Vienna","de_DE","[a-zA-Z0-9\._-]*hslu[.][a-zA-Z\._-]*ch","","""https://idp.ids-mannheim.de/idp/shibboleth","Institut für Deutsche Sprache (IDS)","ids-mannheim","ids-mannheim.unity.ac","Germany","Europe/Berlin","de_DE","[a-zA-Z0-9\._-]*ids-mannheim[.][a-zA-Z\._-]*de","","""https://idp.iit.it/idp/shibboleth","IIT - Istituto Italiano di Tecnologia","iit","iit.unity.ac","Italy","Europe/Rome","it_IT","[a-zA-Z0-9\._-]*iit[.][a-zA-Z\._-]*it","","""https://idp.ipa.ie/idp/shibboleth","Institute of Public Administration","ipa","ipa.unity.ac","Ireland","Europe/Dublin","en_GB","[a-zA-Z0-9\._-]*ipa[.][a-zA-Z\._-]*ie","","the""https://idp.its.fz-juelich.de/idp/shibboleth","Julich","fz-juelich","fz-juelich.unity.ac","Germany","Europe/Berlin","de_DE","[a-zA-Z0-9\._-]*fz-juelich[.][a-zA-Z\._-]*de","","""https://idp.itsligo.ie/idp/shibboleth","Institute of Technology Sligo","itsligo","itsligo.unity.ac","Ireland","Europe/Dublin","en_GB","[a-zA-Z0-9\._-]*itsligo[.][a-zA-Z\._-]*ie","","the""https://idp.ittralee.ie/idp","Institute of Technology - Tralee","ittralee","ittralee.unity.ac","Ireland","Europe/Dublin","en_GB","[a-zA-Z0-9\._-]*ittralee[.][a-zA-Z\._-]*ie","","the""https://idp.lapinamk.fi/idp/shibboleth","Lapin amk","lapinamk","lapinamk.unity.ac","Finland","Europe/Helsinki","en_GB","[a-zA-Z0-9\._-]*lapinamk[.][a-zA-Z\._-]*fi","","""https://idp.mci4me.at/idp/shibboleth","Management Center Innsbruck","mci","mci.unity.ac","Austria","Europe/Vienna","de_DE","[a-zA-Z0-9\._-]*mci[.][a-zA-Z\._-]*edu","","the""https://idp.meduniwien.ac.at/idp/shibboleth","Medical University of Vienna","meduniwien","meduniwien.unity.ac","Austria","Europe/Vienna","de_DE","[a-zA-Z0-9\._-]*meduniwien[.][a-zA-Z\._-]*ac[.]at","","""https://idp.metropolia.fi/idp","Metropolia-ammattikorkeakoulu","metropolia","metropolia.unity.ac","Finland","Europe/Helsinki","en_GB","[a-zA-Z0-9\._-]*metropolia[.][a-zA-Z\._-]*fi","","""https://idp.ncirl.ie/idp/shibboleth","National College of Ireland","ncirl","ncirl.unity.ac","Ireland","Europe/Dublin","en_GB","[a-zA-Z0-9\._-]*ncirl[.][a-zA-Z\._-]*ie","","the""https://idp.nuigalway.ie/shibboleth","NUI Galway","nuigalway","nuigalway.unity.ac","Ireland","Europe/Dublin","en_GB","[a-zA-Z0-9\._-]*nuigalway[.][a-zA-Z\._-]*ie","","""https://idp.shh.fi/idp/shibboleth","Hanken Svenska handelshögskolan","hanken","hanken.unity.ac","Finland","Europe/Helsinki","sv_SE","[a-zA-Z0-9\._-]*hanken[.][a-zA-Z\._-]*fi","","""https://idp.sissa.it/idp/shibboleth","SISSA","sissa","sissa.unity.ac","Italy","Europe/Rome","it_IT","[a-zA-Z0-9\._-]*sissa[.][a-zA-Z\._-]*it","","""https://idp-stellamaris.irccs.garr.it/idp/shibboleth","IRCCS Fondazione Stella Maris","irccs-stellamaris","irccs-stellamaris.unity.ac","Italy","Europe/Rome","it_IT","[a-zA-Z0-9\._-]*irccs-stellamaris[.][a-zA-Z\._-]*it","","""https://idp.tut.fi/shibboleth2","Tampere University of Technology","tut","tut.unity.ac","Finland","Europe/Helsinki","en_GB","[a-zA-Z0-9\._-]*tut[.][a-zA-Z\._-]*fi","","""https://idp.uef.fi/idp/shibboleth","University of Eastern Finland","uef","uef.unity.ac","Finland","Europe/Helsinki","en_GB","[a-zA-Z0-9\._-]*uef[.][a-zA-Z\._-]*fi","","the""https://idp.ulapland.fi/idp/shibboleth","University of Lapland				","ulapland","ulapland.unity.ac","Finland","Europe/Helsinki","en_GB","[a-zA-Z0-9\._-]*ulapland[.][a-zA-Z\._-]*fi","","the""https://idp.ul.ie/idp/shibboleth","University of Limerick (UL)","ul","ul.unity.ac","Ireland","Europe/Dublin","en_GB","[a-zA-Z0-9\._-]*ul[.][a-zA-Z\._-]*ie","","the""https://idp.umk.pl/simplesaml/saml2/idp/metadata.php","Nicholas Copernicus University","umk","umk.unity.ac","Poland","Europe/Warsaw","pl_PL","[a-zA-Z0-9\._-]*umk[.][a-zA-Z\._-]*pl","","""https://idp.unica.it/idp/shibboleth","Università degli Studi di Cagliari","unica","unica.unity.ac","Italy","Europe/Rome","it_IT","[a-zA-Z0-9\._-]*unica[.][a-zA-Z\._-]*it","","""https://idp.unimc.it/idp/shibboleth","Università degli Studi di Macerata","unimc","unimc.unity.ac","Italy","Europe/Rome","it_IT","[a-zA-Z0-9\._-]*unimc[.][a-zA-Z\._-]*it","","""https://idp.uniparthenope.it/idp/shibboleth","Università di Napoli Parthenope","uniparthenope","uniparthenope.unity.ac","Italy","Europe/Rome","it_IT","[a-zA-Z0-9\._-]*uniparthenope[.][a-zA-Z\._-]*it","","""https://idp.unipi.it/idp/shibboleth","University of Pisa","unipi","unipi.unity.ac","Italy","Europe/Rome","it_IT","[a-zA-Z0-9\._-]*unipi[.][a-zA-Z\._-]*it","","the""https://idp.uniroma3.it/idp/shibboleth","Università degli Studi Roma Tre","uniroma3","uniroma3.unity.ac","Italy","Europe/Rome","it_IT","[a-zA-Z0-9\._-]*uniroma3[.][a-zA-Z\._-]*it","","""https://idp-unito-prod.cineca.it/idp/shibboleth","Università degli Studi di Torino","unito","unito.unity.ac","Italy","Europe/Rome","it_IT","[a-zA-Z0-9\._-]*unito[.][a-zA-Z\._-]*it","","""https://idp.uoa.gr/idp/shibboleth","University of Athens","uoa","uoa.unity.ac","Greece","Europe/Athens","en_GB","[a-zA-Z0-9\._-]*uoa[.][a-zA-Z\._-]*gr","","the""https://idp.utorauth.utoronto.ca/shibboleth","University of Toronto","utoronto","utoronto.unity.ac","Canada","America/New_York","en_US","[a-zA-Z0-9\._-]*utoronto[.][a-zA-Z\._-]*ca","","the""https://idp.vib.be/idp/shibboleth","VIB","vib","vib.unity.ac","Belgium","Europe/Brussels","nl_NL","[a-zA-Z0-9\._-]*vib[.][a-zA-Z\._-]*be","","""https://idp.zid.tuwien.ac.at/saml2","Technical University of Wien","tuwien","tuwien.unity.ac","Austria","Europe/Vienna","de_DE","[a-zA-Z0-9\._-]*tuwien[.][a-zA-Z\._-]*ac[.]at","","""https://lmuidp.lrz.de/idp/shibboleth","Ludwig Maximilians Universitat","uni-muenchen","uni-muenchen.unity.ac","Germany","Europe/Berlin","de_DE","[a-zA-Z0-9\._-]*uni-muenchen[.][a-zA-Z\._-]*de","","""https://login.athena-innovation.gr/idp/shibboleth","Athena - Research and Innovation Center","athena-innovation","athena-innovation.unity.ac","Greece","Europe/Athens","en_GB","[a-zA-Z0-9\._-]*athena-innovation[.][a-zA-Z\._-]*gr","","""https://login.fhv.at/shibboleth","Fachhochschule Vorarlberg","fhv","fhv.unity.ac","Austria","Europe/Vienna","de_DE","[a-zA-Z0-9\._-]*fhv[.][a-zA-Z\._-]*at","","""https://login.helsinki.fi/shibboleth","Helsingin yliopisto","helsinki","helsinki.unity.ac","Finland","Europe/Helsinki","en_GB","[a-zA-Z0-9\._-]*helsinki[.][a-zA-Z\._-]*fi","","""https://login-idp.auth.gr/idp/shibboleth","Aristotle University of Thessaloniki","auth","auth.unity.ac","Greece","Europe/Athens","en_GB","[a-zA-Z0-9\._-]*auth[.][a-zA-Z\._-]*gr","","""https://login.ntua.gr/idp/shibboleth","National Technical University of Athens","ntua","ntua.unity.ac","Greece","Europe/Athens","en_GB","[a-zA-Z0-9\._-]*ntua[.][a-zA-Z\._-]*gr","","""https://logout.uwasa.fi/idp/shibboleth","University of Vaasa  	","uwasa","uwasa.unity.ac","Finland","Europe/Helsinki","en_GB","[a-zA-Z0-9\._-]*uwasa[.][a-zA-Z\._-]*fi","","the""https://qub.ac.uk/shibboleth","Queen's University of Belfast","qub","qub.unity.ac","United Kingdom","Europe/London","en_GB","[a-zA-Z0-9\._-]*qub[.][a-zA-Z\._-]*ac[.]uk","","""https://shibboleth.fhwn.ac.at/idp/shibboleth","FH Wiener Neustadt","fhwn","fhwn.unity.ac","Austria","Europe/Vienna","de_DE","[a-zA-Z0-9\._-]*fhwn[.][a-zA-Z\._-]*ac[.]at","","""https://shibboleth-idp.gwdg.de/gwdg/shibboleth","GWDG","gwdg","gwdg.unity.ac","Germany","Europe/Berlin","de_DE","[a-zA-Z0-9\._-]*gwdg[.][a-zA-Z\._-]*de","","""https://shibboleth-idp.mpg.de/mpg/shibboleth","Max Planck Gesellschaft","mpg","mpg.unity.ac","Germany","Europe/Berlin","de_DE","[a-zA-Z0-9\._-]*mpg[.][a-zA-Z\._-]*de","","""https://shibboleth-idp.uni-goettingen.de/uni/shibboleth","Georg-August-Universität Göttingen","uni-goettingen","uni-goettingen.unity.ac","Germany","Europe/Berlin","de_DE","[a-zA-Z0-9\._-]*uni-goettingen[.][a-zA-Z\._-]*de","","""https://shibboleth-idp.uni-regensburg.de/idp/shibboleth","Universität Regensburg","uni-regensburg","uni-regensburg.unity.ac","Germany","Europe/Berlin","de_DE","[a-zA-Z0-9\._-]*uni-regensburg[.][a-zA-Z\._-]*de","","""https://shibboleth.im.jku.at/idp/shibboleth","Johannes Kepler University Linz","jku","jku.unity.ac","Austria","Europe/Vienna","de_DE","[a-zA-Z0-9\._-]*jku[.][a-zA-Z\._-]*at","","""https://shibboleth.unifi.it/idp/shibboleth","Università degli Studi di Firenze","unifi","unifi.unity.ac","Italy","Europe/Rome","it_IT","[a-zA-Z0-9\._-]*unifi[.][a-zA-Z\._-]*it","","""https://shibidp.cca.unipd.it/idp/shibboleth","Università degli Studi di Padova","unipd","unipd.unity.ac","Italy","Europe/Rome","it_IT","[a-zA-Z0-9\._-]*unipd[.][a-zA-Z\._-]*it","","""https://shib-idp.cms.hu-berlin.de/idp/shibboleth","Humboldt-Universität zu Berlin","hu-berlin","hu-berlin.unity.ac","Germany","Europe/Berlin","de_DE","[a-zA-Z0-9\._-]*hu-berlin[.][a-zA-Z\._-]*de","","""https://shibidp.unipr.it/idp/shibboleth","Università degli Studi di Parma","unipr","unipr.unity.ac","Italy","Europe/Rome","it_IT","[a-zA-Z0-9\._-]*unipr[.][a-zA-Z\._-]*it","","""https://shib.manchester.ac.uk/shibboleth","University of Manchester","manchester","manchester.unity.ac","United Kingdom","Europe/London","en_GB","[a-zA-Z0-9\._-]*man[.][a-zA-Z\._-]*ac[.]uk|[a-zA-Z0-9\._-]*manchester[.][a-zA-Z\._-]*ac[.]uk|[a-zA-Z0-9\._-]*mbs[.][a-zA-Z\._-]*ac[.]uk","","the""https://shib.unibo.it/idp/shibboleth","University of Bologna","unibo","unibo.unity.ac","Italy","Europe/Rome","it_IT","[a-zA-Z0-9\._-]*unibo[.][a-zA-Z\._-]*it","","the""https://sso.nikhef.nl/sso/saml2/idp/metadata.php","Nikhef","nikhef","nikhef.unity.ac","Netherlands","Europe/Amsterdam","nl_NL","[a-zA-Z0-9\._-]*nikhef[.][a-zA-Z\._-]*nl","","""https://sso.utu.fi/sso-idp","University of Turku","utu","utu.unity.ac","Finland","Europe/Helsinki","en_GB","[a-zA-Z0-9\._-]*utu[.][a-zA-Z\._-]*fi","","the""https://tullbommen.arcada.fi/simplesaml/","Arcada","arcada","arcada.unity.ac","Finland","Europe/Helsinki","en_GB","[a-zA-Z0-9\._-]*arcada[.][a-zA-Z\._-]*fi","","""https://tumidp.lrz.de/idp/shibboleth","Technical University Munich","tum","tum.unity.ac","Germany","Europe/Berlin","de_DE","[a-zA-Z0-9\._-]*tum[.][a-zA-Z\._-]*de","","""https://www.sso.uni-erlangen.de/simplesaml/saml2/idp/metadata.php","FAU","fau","fau.unity.ac","Germany","Europe/Berlin","de_DE","[a-zA-Z0-9\._-]*fau[.][a-zA-Z\._-]*de","","""https://zividp.uni-muenster.de/idp/shibboleth","University of Münster","uni-muenster","uni-muenster.unity.ac","Germany","Europe/Berlin","de_DE","[a-zA-Z0-9\._-]*uni-muenster[.][a-zA-Z\._-]*de","","the""urn:mace:eduserv.org.uk:athens:provider:tvu.ac.uk","University of West London","uwl","uwl.unity.ac","United Kingdom","Europe/London","en_GB","[a-zA-Z0-9\._-]*uwl[.][a-zA-Z\._-]*ac[.]uk|[a-zA-Z0-9\._-]*tvu[.][a-zA-Z\._-]*ac[.]uk","","the""urn:mace:ac.uk:sdss.ac.uk:provider:identity:dur.ac.uk","Durham University","durham","durham.unity.ac","United Kingdom","Europe/London","en_GB","[a-zA-Z0-9\._-]*durham[.][a-zA-Z\._-]*ac[.]uk|[a-zA-Z0-9\._-]*dur[.][a-zA-Z\._-]*ac[.]uk","","""urn:mace:ac.uk:sdss.ac.uk:provider:identity:uhi.ac.uk","University of the Highlands and Islands","uhi","uhi.unity.ac","United Kingdom","Europe/London","en_GB","[a-zA-Z0-9\._-]*uhi[.][a-zA-Z\._-]*ac[.]uk","","the""https://lse.ac.uk/idp","LSE","lse","lse.unity.ac","United Kingdom","Europe/London","en_GB","[a-zA-Z0-9\._-]*lse[.][a-zA-Z\._-]*ac[.]uk","","the""https://shibboleth.imperial.ac.uk/shibboleth","Imperial College","imperial","imperial.unity.ac","United Kingdom","Europe/London","en_GB","[a-zA-Z0-9\._-]*imperial[.][a-zA-Z\._-]*ac[.]uk|[a-zA-Z0-9\._-]*ic[.][a-zA-Z\._-]*ac[.]uk","","""https://idp.wmin.ac.uk/entity","University of Westminster","westminster","westminster.unity.ac","United Kingdom","Europe/London","en_GB","[a-zA-Z0-9\._-]*wmin[.][a-zA-Z\._-]*ac[.]uk|[a-zA-Z0-9\._-]*westminster[.][a-zA-Z\._-]*ac[.]uk","","the""https://idp0.abertay.ac.uk/shibboleth","Abertay University","abertay","abertay.unity.ac","United Kingdom","Europe/London","en_GB","[a-zA-Z0-9\._-]*abertay[.][a-zA-Z\._-]*ac[.]uk|[a-zA-Z0-9\._-]*tay[.][a-zA-Z\._-]*ac[.]uk","","""https://shibboleth.aber.ac.uk/shibboleth","Aberystwyth University","aber","aber.unity.ac","United Kingdom","Europe/London","en_GB","[a-zA-Z0-9\._-]*aber[.][a-zA-Z\._-]*ac[.]uk","","""https://shib.york.ac.uk/shibboleth","University of York","york","york.unity.ac","United Kingdom","Europe/London","en_GB","[a-zA-Z0-9\._-]*york[.][a-zA-Z\._-]*ac[.]uk","","the""https://idp.shibboleth.stir.ac.uk/shibboleth","University of Stirling","stir","stir.unity.ac","United Kingdom","Europe/London","en_GB","[a-zA-Z0-9\._-]*stir[.][a-zA-Z\._-]*ac[.]uk","","the""https://idp.shef.ac.uk/shibboleth","University of Sheffield","sheffield","sheffield.unity.ac","United Kingdom","Europe/London","en_GB","[a-zA-Z0-9\._-]*sheffield[.][a-zA-Z\._-]*ac[.]uk|[a-zA-Z0-9\._-]*shef[.][a-zA-Z\._-]*ac[.]uk","","the""https://sid.kent.ac.uk/shibboleth","University of Kent","kent","kent.unity.ac","United Kingdom","Europe/London","en_GB","[a-zA-Z0-9\._-]*kent[.][a-zA-Z\._-]*ac[.]uk|[a-zA-Z0-9\._-]*ukc[.][a-zA-Z\._-]*ac[.]uk","","the""https://idp.bangor.ac.uk/shibboleth","Bangor University","bangor","bangor.unity.ac","United Kingdom","Europe/London","en_GB","[a-zA-Z0-9\._-]*bangor[.][a-zA-Z\._-]*ac[.]uk","","""https://idp.dundee.ac.uk/shibboleth","University of Dundee","dundee","dundee.unity.ac","United Kingdom","Europe/London","en_GB","[a-zA-Z0-9\._-]*dundee[.][a-zA-Z\._-]*ac[.]uk","","the""https://idp.shu.ac.uk/shibboleth","Sheffield Hallam University","shu","shu.unity.ac","United Kingdom","Europe/London","en_GB","[a-zA-Z0-9\._-]*shu[.][a-zA-Z\._-]*ac[.]uk","","""https://idp.st-andrews.ac.uk/shibboleth","University of St Andrews","st-andrews","st-andrews.unity.ac","United Kingdom","Europe/London","en_GB","[a-zA-Z0-9\._-]*st-andrews[.][a-zA-Z\._-]*ac[.]uk|[a-zA-Z0-9\._-]*st-and[.][a-zA-Z\._-]*ac[.]uk","","the""https://idp1.ioe.ac.uk/shibboleth","Institute of Education","ioe","ioe.unity.ac","United Kingdom","Europe/London","en_GB","[a-zA-Z0-9\._-]*ioe[.][a-zA-Z\._-]*ac[.]uk","","the""https://netlogin.strath.ac.uk/shibboleth","University of Strathclyde","strath","strath.unity.ac","United Kingdom","Europe/London","en_GB","[a-zA-Z0-9\._-]*strath[.][a-zA-Z\._-]*ac[.]uk","","the""https://idp.bham.ac.uk/shibboleth","University of Birmingham","bham","bham.unity.ac","United Kingdom","Europe/London","en_GB","[a-zA-Z0-9\._-]*bham[.][a-zA-Z\._-]*ac[.]uk","","the""https://idp.londonmet.ac.uk/entity","London Metropolitan University","londonmet","londonmet.unity.ac","United Kingdom","Europe/London","en_GB","[a-zA-Z0-9\._-]*londonmet[.][a-zA-Z\._-]*ac[.]uk","","""https://shib1.hw.ac.uk/shibboleth","Heriot-Watt University","hw","hw.unity.ac","United Kingdom","Europe/London","en_GB","[a-zA-Z0-9\._-]*hw[.][a-zA-Z\._-]*ac[.]uk","","""https://shib1.napier.ac.uk/entity","Edinburgh Napier University","napier","napier.unity.ac","United Kingdom","Europe/London","en_GB","[a-zA-Z0-9\._-]*napier[.][a-zA-Z\._-]*ac[.]uk","","""https://idp.beds.ac.uk/entity","University of Bedfordshire","beds","beds.unity.ac","United Kingdom","Europe/London","en_GB","[a-zA-Z0-9\._-]*beds[.][a-zA-Z\._-]*ac[.]uk|[a-zA-Z0-9\._-]*luton[.][a-zA-Z\._-]*ac[.]uk","","the""https://idp.port.ac.uk/entity","University of Portsmouth","port","port.unity.ac","United Kingdom","Europe/London","en_GB","[a-zA-Z0-9\._-]*port[.][a-zA-Z\._-]*ac[.]uk","","the""https://shibboleth.lsbu.ac.uk/shibboleth","London South Bank University","lsbu","lsbu.unity.ac","United Kingdom","Europe/London","en_GB","[a-zA-Z0-9\._-]*lsbu[.][a-zA-Z\._-]*ac[.]uk","","""https://idp.nottingham.ac.uk/shibboleth","University of Nottingham","nottingham","nottingham.unity.ac","United Kingdom","Europe/London","en_GB","[a-zA-Z0-9\._-]*nottingham[.][a-zA-Z\._-]*ac[.]uk|[a-zA-Z0-9\._-]*nott[.][a-zA-Z\._-]*ac[.]uk","","the""https://elibrary.exeter.ac.uk/idp/shibboleth","University of Exeter","exeter","exeter.unity.ac","United Kingdom","Europe/London","en_GB","[a-zA-Z0-9\._-]*exeter[.][a-zA-Z\._-]*ac[.]uk|[a-zA-Z0-9\._-]*ex[.][a-zA-Z\._-]*ac[.]uk","","the""https://idp.mdx.ac.uk/shibboleth","Middlesex University","mdx","mdx.unity.ac","United Kingdom","Europe/London","en_GB","[a-zA-Z0-9\._-]*mdx[.][a-zA-Z\._-]*ac[.]uk","","""https://idp.soas.ac.uk/entity","SOAS","soas","soas.unity.ac","United Kingdom","Europe/London","en_GB","[a-zA-Z0-9\._-]*soas[.][a-zA-Z\._-]*ac[.]uk","","""https://idp.newman.ac.uk/metadata","Newman University","newman","newman.unity.ac","United Kingdom","Europe/London","en_GB","[a-zA-Z0-9\._-]*newman[.][a-zA-Z\._-]*ac[.]uk","","""https://zed.bcu.ac.uk/entity","Birmingham City University","bcu","bcu.unity.ac","United Kingdom","Europe/London","en_GB","[a-zA-Z0-9\._-]*bcu[.][a-zA-Z\._-]*ac[.]uk","","""https://idp.cdd.ac.uk/shibboleth","Conservatoire for Dance and Drama","cdd","cdd.unity.ac","United Kingdom","Europe/London","en_GB","[a-zA-Z0-9\._-]*cdd[.][a-zA-Z\._-]*ac[.]uk","","""https://idp.brighton.ac.uk/shibboleth","University of Brighton","brighton","brighton.unity.ac","United Kingdom","Europe/London","en_GB","[a-zA-Z0-9\._-]*brighton[.][a-zA-Z\._-]*ac[.]uk|[a-zA-Z0-9\._-]*bton[.][a-zA-Z\._-]*ac[.]uk","","the""https://idp.mmu.ac.uk/shibboleth","Manchester Metropolitan University","mmu","mmu.unity.ac","United Kingdom","Europe/London","en_GB","[a-zA-Z0-9\._-]*mmu[.][a-zA-Z\._-]*ac[.]uk","","""https://idp.le.ac.uk/shibboleth","University of Leicester","le","le.unity.ac","United Kingdom","Europe/London","en_GB","[a-zA-Z0-9\._-]*leicester[.][a-zA-Z\._-]*ac[.]uk|[a-zA-Z0-9\._-]*le[.][a-zA-Z\._-]*ac[.]uk","","the""https://idp.ljmu.ac.uk/shibboleth","Liverpool John Moores University","ljmu","ljmu.unity.ac","United Kingdom","Europe/London","en_GB","[a-zA-Z0-9\._-]*ljmu[.][a-zA-Z\._-]*ac[.]uk","","""https://idp.staffs.ac.uk/shibboleth","Staffordshire University","staffs","staffs.unity.ac","United Kingdom","Europe/London","en_GB","[a-zA-Z0-9\._-]*staffs[.][a-zA-Z\._-]*ac[.]uk","","""https://idp.london.ac.uk/shibboleth","University of London","london","london.unity.ac","United Kingdom","Europe/London","en_GB","[a-zA-Z0-9\._-]*london[.][a-zA-Z\._-]*ac[.]uk","","the""https://idp.leedsmet.ac.uk/shibboleth","Leeds Metropolitan University","leedsbeckett","leedsbeckett.unity.ac","United Kingdom","Europe/London","en_GB","[a-zA-Z0-9\._-]*leedsmet[.][a-zA-Z\._-]*ac[.]uk|[a-zA-Z0-9\._-]*lmu[.][a-zA-Z\._-]*ac[.]uk|[a-zA-Z0-9\._-]*leedsbeckett[.][a-zA-Z\._-]*ac[.]uk","","""https://idp.canterbury.ac.uk/shibboleth","Canterbury Christ Church University","canterbury","canterbury.unity.ac","United Kingdom","Europe/London","en_GB","[a-zA-Z0-9\._-]*canterbury[.][a-zA-Z\._-]*ac[.]uk","","""https://idp.chester.ac.uk/shibboleth","University of Chester","chester","chester.unity.ac","United Kingdom","Europe/London","en_GB","[a-zA-Z0-9\._-]*chester[.][a-zA-Z\._-]*ac[.]uk","","the""https://idp.warwick.ac.uk/idp/shibboleth","University of Warwick","warwick","warwick.unity.ac","United Kingdom","Europe/London","en_GB","[a-zA-Z0-9\._-]*warwick[.][a-zA-Z\._-]*ac[.]uk","","the""https://webauth.soton.ac.uk/shibboleth","University of Southampton","soton","soton.unity.ac","United Kingdom","Europe/London","en_GB","[a-zA-Z0-9\._-]*southampton[.][a-zA-Z\._-]*ac[.]uk|[a-zA-Z0-9\._-]*soton[.][a-zA-Z\._-]*ac[.]uk","","the""https://idp.bbk.ac.uk/openathens","Birkbeck, University of London","bbk","bbk.unity.ac","United Kingdom","Europe/London","en_GB","[a-zA-Z0-9\._-]*bbk[.][a-zA-Z\._-]*ac[.]uk","","""https://idp.lboro.ac.uk/shibboleth","Loughborough University","lboro","lboro.unity.ac","United Kingdom","Europe/London","en_GB","[a-zA-Z0-9\._-]*lboro[.][a-zA-Z\._-]*ac[.]uk","","""https://idp.ucreative.ac.uk/shibboleth","University for the Creative Arts","ucreative","ucreative.unity.ac","United Kingdom","Europe/London","en_GB","[a-zA-Z0-9\._-]*ucreative[.][a-zA-Z\._-]*ac[.]uk","","the""https://idp.rncm.ac.uk/shibboleth","Royal Northern College of Music","rncm","rncm.unity.ac","United Kingdom","Europe/London","en_GB","[a-zA-Z0-9\._-]*rncm[.][a-zA-Z\._-]*ac[.]uk","","the""https://idp.herts.ac.uk/shibboleth","University of Hertfordshire","herts","herts.unity.ac","United Kingdom","Europe/London","en_GB","[a-zA-Z0-9\._-]*herts[.][a-zA-Z\._-]*ac[.]uk","","the""https://idp.rhul.ac.uk/shibboleth","Royal Holloway, University of London","rhul","rhul.unity.ac","United Kingdom","Europe/London","en_GB","[a-zA-Z0-9\._-]*rhul[.][a-zA-Z\._-]*ac[.]uk","","""https://idp.leedstrinity.ac.uk/shibboleth","Leeds Trinity University","leedstrinity","leedstrinity.unity.ac","United Kingdom","Europe/London","en_GB","[a-zA-Z0-9\._-]*leedstrinity[.][a-zA-Z\._-]*ac[.]uk","","""https://idp.hud.ac.uk/shibboleth","University of Huddersfield","hud","hud.unity.ac","United Kingdom","Europe/London","en_GB","[a-zA-Z0-9\._-]*hud[.][a-zA-Z\._-]*ac[.]uk","","the""https://idp.city.ac.uk/shibboleth","City University","city","city.unity.ac","United Kingdom","Europe/London","en_GB","[a-zA-Z0-9\._-]*city[.][a-zA-Z\._-]*ac[.]uk","","""https://idp.open.ac.uk/openathens","Open University","open","open.unity.ac","United Kingdom","Europe/London","en_GB","[a-zA-Z0-9\._-]*open[.][a-zA-Z\._-]*ac[.]uk","","""https://idp1.glos.ac.uk/entity","University of Gloucestershire","glos","glos.unity.ac","United Kingdom","Europe/London","en_GB","[a-zA-Z0-9\._-]*glos[.][a-zA-Z\._-]*ac[.]uk","","the""https://idp.trinity-cm.ac.uk/shibboleth","University of Wales Trinity Saint David","uwtsd","uwtsd.unity.ac","United Kingdom","Europe/London","en_GB","[a-zA-Z0-9\._-]*uwtsd[.][a-zA-Z\._-]*ac[.]uk","","the""https://idp.ulster.ac.uk/shibboleth","University of Ulster","ulster","ulster.unity.ac","United Kingdom","Europe/London","en_GB","[a-zA-Z0-9\._-]*ulster[.][a-zA-Z\._-]*ac[.]uk","","the""https://idp.nuca.ac.uk/shibboleth","Norwich University of the Arts","nua","nua.unity.ac","United Kingdom","Europe/London","en_GB","[a-zA-Z0-9\._-]*nua[.][a-zA-Z\._-]*ac[.]uk","","""https://idp.winchester.ac.uk/shibboleth","University of Winchester","winchester","winchester.unity.ac","United Kingdom","Europe/London","en_GB","[a-zA-Z0-9\._-]*winchester[.][a-zA-Z\._-]*ac[.]uk","","the""https://idp.uel.ac.uk/shibboleth","University of East London","uel","uel.unity.ac","United Kingdom","Europe/London","en_GB","[a-zA-Z0-9\._-]*uel[.][a-zA-Z\._-]*ac[.]uk","","the""https://idp.gre.ac.uk/shibboleth","University of Greenwich","gre","gre.unity.ac","United Kingdom","Europe/London","en_GB","[a-zA-Z0-9\._-]*gre[.][a-zA-Z\._-]*ac[.]uk","","the""https://idp.ram.ac.uk/shibboleth","Royal Academy of Music","ram","ram.unity.ac","United Kingdom","Europe/London","en_GB","[a-zA-Z0-9\._-]*ram[.][a-zA-Z\._-]*ac[.]uk","","the""https://idp.bucks.ac.uk/entity","Buckinghamshire New University","bucks","bucks.unity.ac","United Kingdom","Europe/London","en_GB","[a-zA-Z0-9\._-]*bcuc[.][a-zA-Z\._-]*ac[.]uk|[a-zA-Z0-9\._-]*bucks[.][a-zA-Z\._-]*ac[.]uk","","""https://idp.bishopg.ac.uk/shibboleth","Bishop Grosseteste University College","bishopg","bishopg.unity.ac","United Kingdom","Europe/London","en_GB","[a-zA-Z0-9\._-]*bishopg[.][a-zA-Z\._-]*ac[.]uk","","""https://shibboleth2.rwcmd.ac.uk/idp/shibboleth","Royal Welsh College of Music and Drama","rwcmd","rwcmd.unity.ac","United Kingdom","Europe/London","en_GB","[a-zA-Z0-9\._-]*rwcmd[.][a-zA-Z\._-]*ac[.]uk","","the""https://idpglyndwr.ac.uk/shibboleth","Glyndwr University","glyndwr","glyndwr.unity.ac","United Kingdom","Europe/London","en_GB","[a-zA-Z0-9\._-]*glyndwr[.][a-zA-Z\._-]*ac[.]uk","","""https://idp1.tees.ac.uk/entity","University of Teesside","tees","tees.unity.ac","United Kingdom","Europe/London","en_GB","[a-zA-Z0-9\._-]*tees[.][a-zA-Z\._-]*ac[.]uk","","the""https://idp.courtauld.ac.uk/shibboleth","Courtauld Institute of Art","courtauld","courtauld.unity.ac","United Kingdom","Europe/London","en_GB","[a-zA-Z0-9\._-]*courtauld[.][a-zA-Z\._-]*ac[.]uk","","the""https://idp.cssd.ac.uk/shibboleth","Central School of Speech and Drama","cssd","cssd.unity.ac","United Kingdom","Europe/London","en_GB","[a-zA-Z0-9\._-]*cssd[.][a-zA-Z\._-]*ac[.]uk","","""https://shibboleth.falmouth.ac.uk/idp/shibboleth","Falmouth University","falmouth","falmouth.unity.ac","United Kingdom","Europe/London","en_GB","[a-zA-Z0-9\._-]*falmouth[.][a-zA-Z\._-]*ac[.]uk","","""https://idp.cumbria.ac.uk/idp/shibboleth","University of Cumbria","cumbria","cumbria.unity.ac","United Kingdom","Europe/London","en_GB","[a-zA-Z0-9\._-]*cumbria[.][a-zA-Z\._-]*ac[.]uk|[a-zA-Z0-9\._-]*ucsm[.][a-zA-Z\._-]*ac[.]uk","","the""https://idp.marjon.ac.uk/idp/shibboleth","University of St Mark & St John","marjon","marjon.unity.ac","United Kingdom","Europe/London","en_GB","[a-zA-Z0-9\._-]*marjon[.][a-zA-Z\._-]*ac[.]uk","","the""https://passport01.leeds.ac.uk/idp/shibboleth","University of Leeds","leeds","leeds.unity.ac","United Kingdom","Europe/London","en_GB","[a-zA-Z0-9\._-]*leeds[.][a-zA-Z\._-]*ac[.]uk","","the""https://gateway.ncl.ac.uk/idp/shibboleth","Newcastle University","ncl","ncl.unity.ac","United Kingdom","Europe/London","en_GB","[a-zA-Z0-9\._-]*newcastle[.][a-zA-Z\._-]*ac[.]uk|[a-zA-Z0-9\._-]*ncl[.][a-zA-Z\._-]*ac[.]uk","","""https://idp1.smuc.ac.uk/idp/shibboleth","St Marys University College Twickenham","smuc","smuc.unity.ac","United Kingdom","Europe/London","en_GB","[a-zA-Z0-9\._-]*smuc[.][a-zA-Z\._-]*ac[.]uk","","""https://dmz-shib-dg-01.dmz.roehampton.ac.uk/idp/shibboleth","Roehampton University","roehampton","roehampton.unity.ac","United Kingdom","Europe/London","en_GB","[a-zA-Z0-9\._-]*roehampton[.][a-zA-Z\._-]*ac[.]uk","","""https://boleth.chi.ac.uk/idp/shibboleth","University of Chichester","chi","chi.unity.ac","United Kingdom","Europe/London","en_GB","[a-zA-Z0-9\._-]*chi[.][a-zA-Z\._-]*ac[.]uk|[a-zA-Z0-9\._-]*ucc[.][a-zA-Z\._-]*ac[.]uk","","the""https://shib2.qmu.ac.uk/idp/shibboleth","Queen Margaret University Edinburgh","qmu","qmu.unity.ac","United Kingdom","Europe/London","en_GB","[a-zA-Z0-9\._-]*qmu[.][a-zA-Z\._-]*ac[.]uk|[a-zA-Z0-9\._-]*qmuc[.][a-zA-Z\._-]*ac[.]uk","","""https://idp1.solent.ac.uk/idp/shibboleth","Southampton Solent University","solent","solent.unity.ac","United Kingdom","Europe/London","en_GB","[a-zA-Z0-9\._-]*solent[.][a-zA-Z\._-]*ac[.]uk","","""https://idp.wellcome.ac.uk/idp/shibboleth","Wellcome Trust","wellcome","wellcome.unity.ac","United Kingdom","Europe/London","en_GB","[a-zA-Z0-9\._-]*wellcome[.][a-zA-Z\._-]*ac[.]uk","","""https://shibbsrv1.gsa.ac.uk/idp/shibboleth","Glasgow School of Art","gsa","gsa.unity.ac","United Kingdom","Europe/London","en_GB","[a-zA-Z0-9\._-]*gsa[.][a-zA-Z\._-]*ac[.]uk","","""https://idp.goldsmiths.ac.uk/idp/shibboleth","Goldsmiths, University of London","gold","gold.unity.ac","United Kingdom","Europe/London","en_GB","[a-zA-Z0-9\._-]*gold[.][a-zA-Z\._-]*ac[.]uk","","""https://bathspa.ac.uk/oala/metadata","Bath Spa University","bathspa","bathspa.unity.ac","United Kingdom","Europe/London","en_GB","[a-zA-Z0-9\._-]*bathspa[.][a-zA-Z\._-]*ac[.]uk","","""https://shib2idp.rgu.ac.uk/idp/shibboleth","Robert Gordon University","rgu","rgu.unity.ac","United Kingdom","Europe/London","en_GB","[a-zA-Z0-9\._-]*rgu[.][a-zA-Z\._-]*ac[.]uk","","""https://shib2idp.ntu.ac.uk/idp/shibboleth","Nottingham Trent University","ntu","ntu.unity.ac","United Kingdom","Europe/London","en_GB","[a-zA-Z0-9\._-]*ntu[.][a-zA-Z\._-]*ac[.]uk","","""https://idp.shibboleth.qmul.ac.uk/idp/shibboleth","Queen Mary, University of London","qmul","qmul.unity.ac","United Kingdom","Europe/London","en_GB","[a-zA-Z0-9\._-]*qmul[.][a-zA-Z\._-]*ac[.]uk","","""https://login.northumbria.ac.uk/idp/shibboleth","Northumbria University ","northumbria","northumbria.unity.ac","United Kingdom","Europe/London","en_GB","[a-zA-Z0-9\._-]*unn[.][a-zA-Z\._-]*ac[.]uk|[a-zA-Z0-9\._-]*northumbria[.][a-zA-Z\._-]*ac[.]uk","","""urn:mace:eduserv.org.uk:athens:provider:liv.ac.uk","University of Liverpool","liv","liv.unity.ac","United Kingdom","Europe/London","en_GB","[a-zA-Z0-9\._-]*liv[.][a-zA-Z\._-]*ac[.]uk|[a-zA-Z0-9\._-]*liverpool[.][a-zA-Z\._-]*ac[.]uk","","the""https://bolton.ac.uk/oala/metadata","University of Bolton ","bolton","bolton.unity.ac","United Kingdom","Europe/London","en_GB","[a-zA-Z0-9\._-]*bolton[.][a-zA-Z\._-]*ac[.]uk","","the""https://shibidp.uclan.ac.uk/idp/shibboleth","University of Central Lancashire","uclan","uclan.unity.ac","United Kingdom","Europe/London","en_GB","[a-zA-Z0-9\._-]*uclan[.][a-zA-Z\._-]*ac[.]uk","","the""https://shibserv.abdn.ac.uk/shibboleth","University of Aberdeen","abdn","abdn.unity.ac","United Kingdom","Europe/London","en_GB","[a-zA-Z0-9\._-]*abdn[.][a-zA-Z\._-]*ac[.]uk","","the""https://idp.anglia.ac.uk/openathens","Anglia Ruskin University","anglia","anglia.unity.ac","United Kingdom","Europe/London","en_GB","[a-zA-Z0-9\._-]*anglia[.][a-zA-Z\._-]*ac[.]uk","","""https://idp.uwic.ac.uk/idp/shibboleth","Cardiff Metropolitan University","cardiffmet","cardiffmet.unity.ac","United Kingdom","Europe/London","en_GB","[a-zA-Z0-9\._-]*cardiffmet[.][a-zA-Z\._-]*ac[.]uk","","""https://kclidp.kcl.ac.uk/idp/shibboleth","King's College London","kcl","kcl.unity.ac","United Kingdom","Europe/London","en_GB","[a-zA-Z0-9\._-]*kcl[.][a-zA-Z\._-]*ac[.]uk","","""https://idp.bournemouth.ac.uk/oala/metadata","Bournemouth University","bournemouth","bournemouth.unity.ac","United Kingdom","Europe/London","en_GB","[a-zA-Z0-9\._-]*bournemouth[.][a-zA-Z\._-]*ac[.]uk","","""https://shibboleth.edgehill.ac.uk/shibboleth","Edge Hill University","edgehill","edgehill.unity.ac","United Kingdom","Europe/London","en_GB","[a-zA-Z0-9\._-]*edgehill[.][a-zA-Z\._-]*ac[.]uk","","""urn:mace:ac.uk:sdss.ac.uk:provider:identity:shibboleth-i.sgul.ac.uk","St George's University of London","sgul","sgul.unity.ac","United Kingdom","Europe/London","en_GB","[a-zA-Z0-9\._-]*sgul[.][a-zA-Z\._-]*ac[.]uk|[a-zA-Z0-9\._-]*sghms[.][a-zA-Z\._-]*ac[.]uk","","""https://athens.newport.ac.uk/oala/metadata","University of Glamorgan","southwales","southwales.unity.ac","United Kingdom","Europe/London","en_GB","[a-zA-Z0-9\._-]*newport[.][a-zA-Z\._-]*ac[.]uk|[a-zA-Z0-9\._-]*southwales[.][a-zA-Z\._-]*ac[.]uk","","the""https://shibboleth.cranfield.ac.uk/idp/shibboleth","Cranfield University","cranfield","cranfield.unity.ac","United Kingdom","Europe/London","en_GB","[a-zA-Z0-9\._-]*cranfield[.][a-zA-Z\._-]*ac[.]uk","","""https://idp0.essex.ac.uk/shibboleth","University of Essex","essex","essex.unity.ac","United Kingdom","Europe/London","en_GB","[a-zA-Z0-9\._-]*essex[.][a-zA-Z\._-]*ac[.]uk","","the""https://coventry.ac.uk/idp","Coventry University","coventry","coventry.unity.ac","United Kingdom","Europe/London","en_GB","[a-zA-Z0-9\._-]*coventry[.][a-zA-Z\._-]*ac[.]uk","","""https://oa-idp.wlv.ac.uk/oala/metadata","University of Wolverhampton","wlv","wlv.unity.ac","United Kingdom","Europe/London","en_GB","[a-zA-Z0-9\._-]*wlv[.][a-zA-Z\._-]*ac[.]uk","","the""https://idp.bris.ac.uk/shibboleth","University of Bristol","bristol","bristol.unity.ac","United Kingdom","Europe/London","en_GB","[a-zA-Z0-9\._-]*bristol[.][a-zA-Z\._-]*ac[.]uk|[a-zA-Z0-9\._-]*bris[.][a-zA-Z\._-]*ac[.]uk","","the""https://shib.hope.ac.uk/idp/shibboleth","Liverpool Hope University","hope","hope.unity.ac","United Kingdom","Europe/London","en_GB","[a-zA-Z0-9\._-]*hope[.][a-zA-Z\._-]*ac[.]uk","","""https://login.library.dmu.ac.uk/oala/metadata","De Montfort University","dmu","dmu.unity.ac","United Kingdom","Europe/London","en_GB","[a-zA-Z0-9\._-]*dmu[.][a-zA-Z\._-]*ac[.]uk","","""https://idp.arts.ac.uk/entity","University of the Arts London","arts","arts.unity.ac","United Kingdom","Europe/London","en_GB","[a-zA-Z0-9\._-]*arts[.][a-zA-Z\._-]*ac[.]uk","","the""https://athensla.uwe.ac.uk/oala/metadata","University of the West of England","uwe","uwe.unity.ac","United Kingdom","Europe/London","en_GB","[a-zA-Z0-9\._-]*uwe[.][a-zA-Z\._-]*ac[.]uk","","the""https://oala.trinitylaban.ac.uk/oala/metadata","Trinity Laban","trinitylaban","trinitylaban.unity.ac","United Kingdom","Europe/London","en_GB","[a-zA-Z0-9\._-]*trinitylaban[.][a-zA-Z\._-]*ac[.]uk","","""https://iss-openathensla-runtime.swan.ac.uk/oala/metadata","Swansea University","swansea","swansea.unity.ac","United Kingdom","Europe/London","en_GB","[a-zA-Z0-9\._-]*swansea[.][a-zA-Z\._-]*ac[.]uk|[a-zA-Z0-9\._-]*swan[.][a-zA-Z\._-]*ac[.]uk","","""https://openathens.keele.ac.uk/oala/metadata","Keele University","keele","keele.unity.ac","United Kingdom","Europe/London","en_GB","[a-zA-Z0-9\._-]*keele[.][a-zA-Z\._-]*ac[.]uk","","""https://idp.worc.ac.uk/oala/metadata","University of Worcester","worc","worc.unity.ac","United Kingdom","Europe/London","en_GB","[a-zA-Z0-9\._-]*worc[.][a-zA-Z\._-]*ac[.]uk|[a-zA-Z0-9\._-]*worcester[.][a-zA-Z\._-]*ac[.]uk","","the""http://idp.northampton.ac.uk/oala/metadata","The University of Northampton","northampton","northampton.unity.ac","United Kingdom","Europe/London","en_GB","[a-zA-Z0-9\._-]*northampton[.][a-zA-Z\._-]*ac[.]uk","","""http://sso.sunderland.ac.uk/auth/metadata","University of Sunderland","sunderland","sunderland.unity.ac","United Kingdom","Europe/London","en_GB","[a-zA-Z0-9\._-]*sunderland[.][a-zA-Z\._-]*ac[.]uk","","the""https://harper-adams.ac.uk/oala/metadata","Harper Adams University","harper-adams","harper-adams.unity.ac","United Kingdom","Europe/London","en_GB","[a-zA-Z0-9\._-]*harper-adams[.][a-zA-Z\._-]*ac[.]uk","","""https://rcm.ac.uk/oala/metadata","Royal College of Music","rcm","rcm.unity.ac","United Kingdom","Europe/London","en_GB","[a-zA-Z0-9\._-]*rcm[.][a-zA-Z\._-]*ac[.]uk","","the""https://brad.ac.uk/oala/metadata","University of Bradford","bradford","bradford.unity.ac","United Kingdom","Europe/London","en_GB","[a-zA-Z0-9\._-]*bradford[.][a-zA-Z\._-]*ac[.]uk|[a-zA-Z0-9\._-]*brad[.][a-zA-Z\._-]*ac[.]uk","","the""https://idp.aucb.ac.uk/oala/metadata","Arts University College at Bournemouth","aub","aub.unity.ac","United Kingdom","Europe/London","en_GB","[a-zA-Z0-9\._-]*aucb[.][a-zA-Z\._-]*ac[.]uk|[a-zA-Z0-9\._-]*aub[.][a-zA-Z\._-]*ac[.]uk","","""https://login.uea.ac.uk/entity","University of East Anglia","uea","uea.unity.ac","United Kingdom","Europe/London","en_GB","[a-zA-Z0-9\._-]*uea[.][a-zA-Z\._-]*ac[.]uk","","the""https://oala.surrey.ac.uk/oala/metadata","University of Surrey","surrey","surrey.unity.ac","United Kingdom","Europe/London","en_GB","[a-zA-Z0-9\._-]*surrey[.][a-zA-Z\._-]*ac[.]uk","","the""https://openathens.aston.ac.uk/oala/metadata","Aston University","aston","aston.unity.ac","United Kingdom","Europe/London","en_GB","[a-zA-Z0-9\._-]*aston[.][a-zA-Z\._-]*ac[.]uk","","""https://idp.rac.ac.uk/oala/metadata","Royal Agricultural College","rau","rau.unity.ac","United Kingdom","Europe/London","en_GB","[a-zA-Z0-9\._-]*rac[.][a-zA-Z\._-]*ac[.]uk|[a-zA-Z0-9\._-]*royalgcol[.][a-zA-Z\._-]*ac[.]uk","","the""https://fam.salford.ac.uk/oala/metadata","University of Salford","salford","salford.unity.ac","United Kingdom","Europe/London","en_GB","[a-zA-Z0-9\._-]*salford[.][a-zA-Z\._-]*ac[.]uk","","the""https://idp.rca.ac.uk/oala/metadata","Royal College of Art","rca","rca.unity.ac","United Kingdom","Europe/London","en_GB","[a-zA-Z0-9\._-]*rca[.][a-zA-Z\._-]*ac[.]uk","","the""https://idp.rvc.ac.uk/oala/metadata","Royal Veterinary College","rvc","rvc.unity.ac","United Kingdom","Europe/London","en_GB","[a-zA-Z0-9\._-]*rvc[.][a-zA-Z\._-]*ac[.]uk","","the""https://reading.ac.uk/oala/metadata","University of Reading","reading","reading.unity.ac","United Kingdom","Europe/London","en_GB","[a-zA-Z0-9\._-]*reading[.][a-zA-Z\._-]*ac[.]uk","","the""https://auth.buckingham.ac.uk/shibboleth","University of Buckingham","buckingham","buckingham.unity.ac","United Kingdom","Europe/London","en_GB","[a-zA-Z0-9\._-]*buckingham[.][a-zA-Z\._-]*ac[.]uk","","the""https://idp.lancs.ac.uk/idp/shibboleth","Lancaster University","lancaster","lancaster.unity.ac","United Kingdom","Europe/London","en_GB","[a-zA-Z0-9\._-]*lancaster[.][a-zA-Z\._-]*ac[.]uk","","""https://idp.uws.ac.uk/oala/metadata","University of Paisley","uws","uws.unity.ac","United Kingdom","Europe/London","en_GB","[a-zA-Z0-9\._-]*uws[.][a-zA-Z\._-]*ac[.]uk|[a-zA-Z0-9\._-]*paisley[.][a-zA-Z\._-]*ac[.]uk","","the""https://fedauth.london.edu/oala/metadata","London Business School","lbs","lbs.unity.ac","United Kingdom","Europe/London","en_GB","[a-zA-Z0-9\._-]*london[.][a-zA-Z\._-]*edu","","""https://idp.lincoln.ac.uk/oala/metadata","University of Lincoln","lincoln","lincoln.unity.ac","United Kingdom","Europe/London","en_GB","[a-zA-Z0-9\._-]*lincoln[.][a-zA-Z\._-]*ac[.]uk","","the""https://idp.brookes.ac.uk/idp/shibboleth","Oxford Brookes University","brookes","brookes.unity.ac","United Kingdom","Europe/London","en_GB","[a-zA-Z0-9\._-]*brookes[.][a-zA-Z\._-]*ac[.]uk","","""https://shiblogin.hull.ac.uk/idp/shibboleth","University of Hull","hull","hull.unity.ac","United Kingdom","Europe/London","en_GB","[a-zA-Z0-9\._-]*hull[.][a-zA-Z\._-]*ac[.]uk","","the""https://shibboleth.derby.ac.uk/idp/shibboleth","University of Derby","derby","derby.unity.ac","United Kingdom","Europe/London","en_GB","[a-zA-Z0-9\._-]*derby[.][a-zA-Z\._-]*ac[.]uk","","the""https://idp.brunel.ac.uk/entity","Brunel University","brunel","brunel.unity.ac","United Kingdom","Europe/London","en_GB","[a-zA-Z0-9\._-]*brunel[.][a-zA-Z\._-]*ac[.]uk","","""https://shib.gcu.ac.uk/idp/shibboleth","Glasgow Caledonian University","gcu","gcu.unity.ac","United Kingdom","Europe/London","en_GB","[a-zA-Z0-9\._-]*gcal[.][a-zA-Z\._-]*ac[.]uk|[a-zA-Z0-9\._-]*gcu[.][a-zA-Z\._-]*ac[.]uk","","""https://idp.yorksj.ac.uk/oala","York St John University","yorksj","yorksj.unity.ac","United Kingdom","Europe/London","en_GB","[a-zA-Z0-9\._-]*yorksj[.][a-zA-Z\._-]*ac[.]uk","","""https://idp.unipg.it/idp/shibboleth","Università degli Studi di Perugia","unipg","unipg.unity.ac","Italy","Europe/Rome","it_IT","[a-zA-Z0-9\._-]*unipg[.][a-zA-Z\._-]*it","","""https://utwente.nl/","Universiteit Twente","utwente","utwente.unity.ac","Netherlands","Europe/Amsterdam","nl_NL","[a-zA-Z0-9\._-]*utwente[.][a-zA-Z\._-]*nl","","""urn:mace:kuleuven.be:kulassoc:khleuven.be","KHLeuven","khleuven","khleuven.unity.ac","Belgium","Europe/Brussels","nl_NL","[a-zA-Z0-9\._-]*khleuven[.][a-zA-Z\._-]*be","","""https://zididp.uni-graz.at/idp/shibboleth","Universität Graz","uni-graz","uni-graz.unity.ac","Austria","Europe/Vienna","de_DE","[a-zA-Z0-9\._-]*uni-graz[.][a-zA-Z\._-]*at","","""http://iam.auckland.ac.nz/idp","University of Auckland","auckland","auckland.unity.ac","New Zealand","Pacific/Auckland","en_GB","[a-zA-Z0-9\._-]*auckland[.][a-zA-Z\._-]*ac[.]nz","","the""https://idp.agresearch.co.nz/idp/shibboleth","AgResearch","agresearch","agresearch.unity.ac","New Zealand","Pacific/Auckland","en_GB","[a-zA-Z0-9\._-]*agresearch[.][a-zA-Z\._-]*co[.]nz","","""https://idp.aut.ac.nz/idp/shibboleth","Auckland University of Technology","aut","aut.unity.ac","New Zealand","Pacific/Auckland","en_GB","[a-zA-Z0-9\._-]*aut[.][a-zA-Z\._-]*ac[.]nz","","""https://idp.canterbury.ac.nz/idp/shibboleth","University of Canterbury","canterburynz","canterburynz.unity.ac","New Zealand","Pacific/Auckland","en_GB","[a-zA-Z0-9\._-]*canterbury[.][a-zA-Z\._-]*ac[.]nz","","the""https://idp.cpit.ac.nz/idp/shibboleth","CPIT","cpit","cpit.unity.ac","New Zealand","Pacific/Auckland","en_GB","[a-zA-Z0-9\._-]*cpit[.][a-zA-Z\._-]*ac[.]nz","","""https://idp.esr.cri.nz/idp/shibboleth","ESR","esr","esr.unity.ac","New Zealand","Pacific/Auckland","en_GB","[a-zA-Z0-9\._-]*esr[.][a-zA-Z\._-]*cri[.]nz","","""https://idp.landcareresearch.co.nz/idp/shibboleth","Landcare Research","landcareresearch","landcareresearch.unity.ac","New Zealand","Pacific/Auckland","en_GB","[a-zA-Z0-9\._-]*landcareresearch[.][a-zA-Z\._-]*co[.]nz","","""https://idp.lincoln.ac.nz/idp/shibboleth","Lincoln University","lincolnnz","lincolnnz.unity.ac","New Zealand","Pacific/Auckland","en_GB","[a-zA-Z0-9\._-]*lincoln[.][a-zA-Z\._-]*ac[.]nz","","""https://idp.massey.ac.nz/idp/shibboleth","Massey University","massey","massey.unity.ac","New Zealand","Pacific/Auckland","en_GB","[a-zA-Z0-9\._-]*massey[.][a-zA-Z\._-]*ac[.]nz","","""https://idp.niwa.co.nz/idp/shibboleth","NIWA","niwa","niwa.unity.ac","New Zealand","Pacific/Auckland","en_GB","[a-zA-Z0-9\._-]*niwa[.][a-zA-Z\._-]*co[.]nz","","""https://idp.otago.ac.nz/idp/shibboleth","University of Otago","otago","otago.unity.ac","New Zealand","Pacific/Auckland","en_GB","[a-zA-Z0-9\._-]*otago[.][a-zA-Z\._-]*ac[.]nz","","the""https://idp.plantandfood.co.nz/idp/shibboleth","Plant and Food Research","plantandfood","plantandfood.unity.ac","New Zealand","Pacific/Auckland","en_GB","[a-zA-Z0-9\._-]*plantandfood[.][a-zA-Z\._-]*co[.]nz","","""https://idp.vuw.ac.nz/idp/shibboleth","Victoria University of Wellington","vuw","vuw.unity.ac","New Zealand","Pacific/Auckland","en_GB","[a-zA-Z0-9\._-]*vuw[.][a-zA-Z\._-]*ac[.]nz","","""https://idp.waikato.ac.nz/idp/shibboleth","University of Waikato","waikato","waikato.unity.ac","New Zealand","Pacific/Auckland","en_GB","[a-zA-Z0-9\._-]*waikato[.][a-zA-Z\._-]*ac[.]nz","","the"