id,idp,organisation,alias,alias with country code,tenent host name,country,timezone,language,email,term and cons,logo,landing page
2,https://idp2.dcu.ie/idp/profile/Metadata/SAML,Dublin City University,dcu,dcuie,dcu.unity.ac,Ireland,Europe/Dublin,en_GB,[a-zA-Z0-9\._-]*dcu[.][a-zA-Z\._-]*ie,,,
4,https://idp.cit.ie/idp,Cork Institute of Technology,cit,citie,cit.unity.ac,Ireland,Europe/Dublin,en_GB,[a-zA-Z0-9\._-]*cit[.][a-zA-Z\._-]*ie,Value 2,Value 3,Value 1
6,https://idp.lit.ie/saml2,Limerick Institute of Technology,lit,litie,lit.unity.ac,Ireland,Europe/Dublin,en_GB,[a-zA-Z0-9\._-]*lit[.][a-zA-Z\._-]*ie,,,
7,https://idp.gmit.ie/idp/shibboleth,Galway-Mayo Institute of Technology,gmit,gmitie,gmit.unity.ac,Ireland,Europe/Dublin,en_GB,[a-zA-Z0-9\._-]*gmit[.][a-zA-Z\._-]*ie,,,
8,https://idp.wit.ie/idp/shibboleth,Waterford Institute of Technology,wit,witie,wit.unity.ac,Ireland,Europe/Dublin,en_GB,[a-zA-Z0-9\._-]*wit[.][a-zA-Z\._-]*ie,,,
11,https://idp.iadt.ie/idp/shibboleth,Dun Laoghaire Institite of Art Design and Technology,iadt,iadtie,iadt.unity.ac,Ireland,Europe/Dublin,en_GB,[a-zA-Z0-9\._-]*iadt[.][a-zA-Z\._-]*ie,,,
12,https://sso.ucd.ie/idp/shibboleth,University College Dublin,ucd,ucdie,ucd.unity.ac,Ireland,Europe/Dublin,en_GB,[a-zA-Z0-9\._-]*ucd[.][a-zA-Z\._-]*ie,,,
15,https://idp.rcsi.ie/idp/shibboleth,Royal College of Surgeons in Ireland,rcsi,rcsiie,rcsi.unity.ac,Ireland,Europe/Dublin,en_GB,[a-zA-Z0-9\._-]*rcsi[.][a-zA-Z\._-]*ie,,,
16,https://idp.ncad.ie/idp/shibboleth,National College of Art and Design,ncad,ncadie,ncad.unity.ac,Ireland,Europe/Dublin,en_GB,[a-zA-Z0-9\._-]*ncad[.][a-zA-Z\._-]*ie,,,
17,https://idp.ait.ie/idp/shibboleth,Athlone Institute of Technology,ait,aitie,ait.unity.ac,Ireland,Europe/Dublin,en_GB,[a-zA-Z0-9\._-]*ait[.][a-zA-Z\._-]*ie,,,
18,https://idp.tcd.ie/idp/shibboleth,Trinity College Dublin,tcd,tcdie,tcd.unity.ac,Ireland,Europe/Dublin,en_GB,[a-zA-Z0-9\._-]*tcd[.][a-zA-Z\._-]*ie,,,
19,https://idp.it-tallaght.ie/idp/shibboleth,Institute of Technology Tallaght,it-tallaght,it-tallaghtie,it-tallaght.unity.ac,Ireland,Europe/Dublin,en_GB,[a-zA-Z0-9\._-]*it-tallaght[.][a-zA-Z\._-]*ie,,,
20,https://idp.lyit.ie/idp/shibboleth,Letterkenny Institute of Technology,lyit,lyitie,lyit.unity.ac,Ireland,Europe/Dublin,en_GB,[a-zA-Z0-9\._-]*lyit[.][a-zA-Z\._-]*ie,,,
23,https://idp.itcarlow.ie/idp/shibboleth,Institute of Technology Carlow,itcarlow,itcarlowie,itcarlow.unity.ac,Ireland,Europe/Dublin,en_GB,[a-zA-Z0-9\._-]*itcarlow[.][a-zA-Z\._-]*ie,,,
24,https://hidp.ucc.ie/idp/shibboleth,University College Cork,ucc,uccie,ucc.unity.ac,Ireland,Europe/Dublin,en_GB,[a-zA-Z0-9\._-]*ucc[.][a-zA-Z\._-]*ie,,,
25,https://idp.nuim.ie/idp/shibboleth,Maynooth University,nuim,nuimie,nuim.unity.ac,Ireland,Europe/Dublin,en_GB,[a-zA-Z0-9\._-]*nuim[.][a-zA-Z\._-]*ie,,,
29,https://idp.bcfe.ie/idp/shibboleth,Ballyfermot College of Further Education,bcfe,bcfeie,bcfe.unity.ac,Ireland,Europe/Dublin,en_GB,[a-zA-Z0-9\._-]*bcfe[.][a-zA-Z\._-]*ie,,,
33,https://idp.dias.ie/idp/shibboleth,Dublin Institute for Advanced Studies,dias,diasie,dias.unity.ac,Ireland,Europe/Dublin,en_GB,[a-zA-Z0-9\._-]*dias[.][a-zA-Z\._-]*ie,,,
38,https://idp.rcpi.ie/idp/shibboleth,Royal College of Physicians of Ireland,rcpi,rcpiie,rcpi.unity.ac,Ireland,Europe/Dublin,en_GB,[a-zA-Z0-9\._-]*rcpi[.][a-zA-Z\._-]*ie,,,
39,https://aaf-login.uts.edu.au/idp/shibboleth,"University of Technology, Sydney",uts,utsau,uts.unity.ac,Australia,Australia/Sydney,en_GB,[a-zA-Z0-9\._-]*uts[.][a-zA-Z\._-]*edu[.]au,,,
40,https://aaf.garvan.org.au/idp/shibboleth,The Garvan Institute of Medical Research,garvan,garvanau,garvan.unity.ac,Australia,Australia/Melbourne,en_GB,[a-zA-Z0-9\._-]*garvan[.][a-zA-Z\._-]*org[.]au,,,
41,https://aaf.latrobe.edu.au/idp/shibboleth,La Trobe University,latrobe,latrobeau,latrobe.unity.ac,Australia,Australia/Melbourne,en_GB,[a-zA-Z0-9\._-]*latrobe[.][a-zA-Z\._-]*edu[.]au,,,
42,https://aaf.nd.edu.au/idp/shibboleth,The University of Notre Dame Australia,nd,ndau,nd.unity.ac,Australia,Australia/Perth,en_GB,[a-zA-Z0-9\._-]*nd[.][a-zA-Z\._-]*edu[.]au,,,
43,https://aaf.unsw.edu.au/idp/shibboleth,The University of New South Wales,unsw,unswau,unsw.unity.ac,Australia,Australia/Sydney,en_GB,[a-zA-Z0-9\._-]*unsw[.][a-zA-Z\._-]*edu[.]au,,,
44,https://aaf1-idp.its.utas.edu.au/idp/shibboleth,University of Tasmania,utas,utasau,utas.unity.ac,Australia,Australia/Hobart,en_GB,[a-zA-Z0-9\._-]*utas[.][a-zA-Z\._-]*edu[.]au,,,
46,https://federation.sydney.edu.au/idp/shibboleth,The University of Sydney,sydney,sydneyau,sydney.unity.ac,Australia,Australia/Sydney,en_GB,[a-zA-Z0-9\._-]*sydney[.][a-zA-Z\._-]*edu[.]au,,,
47,https://fidp.usc.edu.au/idp/shibboleth,University of the Sunshine Coast,usc,uscau,usc.unity.ac,Australia,Australia/Brisbane,en_GB,[a-zA-Z0-9\._-]*usc[.][a-zA-Z\._-]*edu[.]au,,,
48,https://idp-aaf-prd.usq.edu.au/idp/shibboleth,University of Southern Queensland,usq,usqau,usq.unity.ac,Australia,Australia/Brisbane,en_GB,[a-zA-Z0-9\._-]*usq[.][a-zA-Z\._-]*edu[.]au,,,
49,https://idp-prod.bond.edu.au/idp/shibboleth,Bond University,bond,bondau,bond.unity.ac,Australia,Australia/Brisbane,en_GB,[a-zA-Z0-9\._-]*bond[.][a-zA-Z\._-]*edu[.]au,,,
51,https://idp.ballarat.edu.au/idp/shibboleth,Federation University Australia,federation,federationau,federation.unity.ac,Australia,Australia/Melbourne,en_GB,[a-zA-Z0-9\._-]*federation[.][a-zA-Z\._-]*edu[.]au,,,
52,https://idp.canberra.edu.au/idp/shibboleth,University of Canberra,canberra,canberraau,canberra.unity.ac,Australia,Australia/Sydney,en_GB,[a-zA-Z0-9\._-]*canberra[.][a-zA-Z\._-]*edu[.]au,,,
53,https://idp.cc.swin.edu.au/idp/shibboleth,Swinburne University of Technology,swin,swinau,swin.unity.ac,Australia,Australia/Melbourne,en_GB,[a-zA-Z0-9\._-]*swin[.][a-zA-Z\._-]*edu[.]au,,,
54,https://idp.cdu.edu.au/idp/shibboleth,Charles Darwin University,cdu,cduau,cdu.unity.ac,Australia,Australia/Darwin,en_GB,[a-zA-Z0-9\._-]*cdu[.][a-zA-Z\._-]*edu[.]au,,,
55,https://idp.central.wa.edu.au/idp/shibboleth,Central Institute of Technology,central,centralau,central.unity.ac,Australia,Australia/Perth,en_GB,[a-zA-Z0-9\._-]*central[.][a-zA-Z\._-]*edu[.]au,,,
56,https://idp.cqu.edu.au/idp/shibboleth,CQUniversity,cqu,cquau,cqu.unity.ac,Australia,Australia/Brisbane,en_GB,[a-zA-Z0-9\._-]*cqu[.][a-zA-Z\._-]*edu[.]au,,,
57,https://idp.csu.edu.au/idp/shibboleth,Charles Sturt University (CSU),csu,csuau,csu.unity.ac,Australia,Australia/Sydney,en_GB,[a-zA-Z0-9\._-]*csu[.][a-zA-Z\._-]*edu[.]au,,,
58,https://idp.flinders.edu.au/idp/shibboleth,Flinders University,flinders,flindersau,flinders.unity.ac,Australia,Australia/Adelaide,en_GB,[a-zA-Z0-9\._-]*flinders[.][a-zA-Z\._-]*edu[.]au,,,
60,https://idp.jcu.edu.au/idp/shibboleth,James Cook University,jcu,jcuau,jcu.unity.ac,Australia,Australia/Brisbane,en_GB,[a-zA-Z0-9\._-]*jcu[.][a-zA-Z\._-]*edu[.]au,,,
61,https://idp.monash.edu.au/idp/shibboleth,Monash University,monash,monashau,monash.unity.ac,Australia,Australia/Melbourne,en_GB,[a-zA-Z0-9\._-]*monash[.][a-zA-Z\._-]*edu[.]au,,,
62,https://idp.murdoch.edu.au/idp/shibboleth,Murdoch University,murdoch,murdochau,murdoch.unity.ac,Australia,Australia/Perth,en_GB,[a-zA-Z0-9\._-]*murdoch[.][a-zA-Z\._-]*edu[.]au,,,
63,https://idp.newcastle.edu.au/idp/shibboleth,University of Newcastle,newcastle,newcastleau,newcastle.unity.ac,Australia,Australia/Sydney,en_GB,[a-zA-Z0-9\._-]*newcastle[.][a-zA-Z\._-]*edu[.]au,,,
65,https://idp.qut.edu.au/idp/shibboleth,Queensland University of Technology,qut,qutau,qut.unity.ac,Australia,Australia/Brisbane,en_GB,[a-zA-Z0-9\._-]*qut[.][a-zA-Z\._-]*edu[.]au,,,
66,https://idp.scu.edu.au/idp/shibboleth,Southern Cross University,scu,scuau,scu.unity.ac,Australia,Australia/Sydney,en_GB,[a-zA-Z0-9\._-]*scu[.][a-zA-Z\._-]*edu[.]au,,,
68,https://idp.une.edu.au/idp/shibboleth,University of New England,une,uneau,une.unity.ac,Australia,Australia/Sydney,en_GB,[a-zA-Z0-9\._-]*une[.][a-zA-Z\._-]*edu[.]au,,,
69,https://idp.unimelb.edu.au/idp/shibboleth,The University of Melbourne,unimelb,unimelbau,unimelb.unity.ac,Australia,Australia/Melbourne,en_GB,[a-zA-Z0-9\._-]*unimelb[.][a-zA-Z\._-]*edu[.]au,,,
70,https://idp.uow.edu.au/idp/shibboleth,The University of Wollongong,uow,uowau,uow.unity.ac,Australia,Australia/Sydney,en_GB,[a-zA-Z0-9\._-]*uow[.][a-zA-Z\._-]*edu[.]au,,,
71,https://idp.uwa.edu.au/idp/shibboleth,The University of Western Australia,uwa,uwaau,uwa.unity.ac,Australia,Australia/Perth,en_GB,[a-zA-Z0-9\._-]*uwa[.][a-zA-Z\._-]*edu[.]au,,,
72,https://idp.uws.edu.au/idp/shibboleth,University of Western Sydney,uws,uwsau,uwsau.unity.ac,Australia,Australia/Sydney,en_GB,[a-zA-Z0-9\._-]*uws[.][a-zA-Z\._-]*edu[.]au,,,
73,https://idp1.griffith.edu.au/idp/shibboleth,Griffith University,griffith,griffithau,griffith.unity.ac,Australia,Australia/Brisbane,en_GB,[a-zA-Z0-9\._-]*gu[.][a-zA-Z\._-]*edu[.]au|[a-zA-Z0-9\._-]*griffith[.][a-zA-Z\._-]*edu[.]au,,,
74,https://idp2.anu.edu.au/idp/shibboleth,Australian National University,anu,anuau,anu.unity.ac,Australia,Australia/Sydney,en_GB,[a-zA-Z0-9\._-]*anu[.][a-zA-Z\._-]*edu[.]au,,,
75,https://idpp1.curtin.edu.au/idp/shibboleth,Curtin University,curtin,curtinau,curtin.unity.ac,Australia,Australia/Perth,en_GB,[a-zA-Z0-9\._-]*curtin[.][a-zA-Z\._-]*edu[.]au,,,
76,https://idpweb1.vu.edu.au/idp/shibboleth,Victoria University,vu,vuau,vu.unity.ac,Australia,Australia/Melbourne,en_GB,[a-zA-Z0-9\._-]*vu[.][a-zA-Z\._-]*edu[.]au,,,
77,https://shib-idp.acu.edu.au/idp/shibboleth,Australian Catholic University,acu,acuau,acu.unity.ac,Australia,Australia/Sydney,en_GB,[a-zA-Z0-9\._-]*acu[.][a-zA-Z\._-]*edu[.]au,,,
79,https://shibidp.ecu.edu.au/idp/shibboleth,Edith Cowan University,ecu,ecuau,ecu.unity.ac,Australia,Australia/Perth,en_GB,[a-zA-Z0-9\._-]*ecu[.][a-zA-Z\._-]*edu[.]au,,,
80,https://signon.deakin.edu.au/idp/shibboleth,Deakin University,deakin,deakinau,deakin.unity.ac,Australia,Australia/Melbourne,en_GB,[a-zA-Z0-9\._-]*deakin[.][a-zA-Z\._-]*edu[.]au,,,
81,https://sso-shibboleth.rmit.edu.au/idp/shibboleth,RMIT University,rmit,rmitau,rmit.unity.ac,Australia,Australia/Melbourne,en_GB,[a-zA-Z0-9\._-]*rmit[.][a-zA-Z\._-]*edu[.]au,Value 2,Value 1,Value 2
82,https://unisa.edu.au/idp/shibboleth,University of South Australia,unisa,unisaau,unisa.unity.ac,Australia,Australia/Adelaide,en_GB,[a-zA-Z0-9\._-]*unisa[.][a-zA-Z\._-]*edu[.]au,,,
84,urn:mace:federation.org.au:testfed:au-idp.adelaide.edu.au,University of Adelaide,adelaide,adelaideau,adelaide.unity.ac,Australia,Australia/Adelaide,en_GB,[a-zA-Z0-9\._-]*adelaide[.][a-zA-Z\._-]*edu[.]au,,,
85,urn:mace:federation.org.au:testfed:mq.edu.au,Macquarie University,mq,mqau,mq.unity.ac,Australia,Australia/Sydney,en_GB,[a-zA-Z0-9\._-]*mq[.][a-zA-Z\._-]*edu[.]au,,,
86,urn:mace:federation.org.au:testfed:uq.edu.au,The University of Queensland,uq,uqau,uq.unity.ac,Australia,Australia/Brisbane,en_GB,[a-zA-Z0-9\._-]*uq[.][a-zA-Z\._-]*edu[.]au,,,
88,http://idp.chalmers.se/adfs/services/trust,Chalmers,chalmers,chalmersse,chalmers.unity.ac,Sweden,Europe/Stockholm,sv_SE,[a-zA-Z0-9\._-]*chalmers[.][a-zA-Z\._-]*se,Value 2,Value 2,Value 2
89,https://idp.hig.se/idp/shibboleth,Högskolan i Gävle,hig,higse,hig.unity.ac,Sweden,Europe/Stockholm,sv_SE,[a-zA-Z0-9\._-]*hig[.][a-zA-Z\._-]*se,,,
91,https://idp.lnu.se/idp/shibboleth,Linnéuniversitetet,lnu,lnuse,lnu.unity.ac,Sweden,Europe/Stockholm,sv_SE,[a-zA-Z0-9\._-]*vxu[.][a-zA-Z\._-]*se|[a-zA-Z0-9\._-]*hik[.][a-zA-Z\._-]*se|[a-zA-Z0-9\._-]*lnu[.][a-zA-Z\._-]*se,,,
92,https://login.du.se/idp/shibboleth,Högskolan Dalarna,du,duse,du.unity.ac,Sweden,Europe/Stockholm,sv_SE,[a-zA-Z0-9\._-]*du[.][a-zA-Z\._-]*se,,,
93,https://idp.mah.se/idp/shibboleth,Malmö Högskola,mah,mahse,mah.unity.ac,Sweden,Europe/Stockholm,sv_SE,[a-zA-Z0-9\._-]*mah[.][a-zA-Z\._-]*se,,,
95,https://idp2-1.slu.se/idp/shibboleth,Sveriges Lantbruksuniversitet,slu,sluse,slu.unity.ac,Sweden,Europe/Stockholm,sv_SE,[a-zA-Z0-9\._-]*slu[.][a-zA-Z\._-]*se,,,
96,https://login.liu.se/idp/shibboleth,Linköpings Universitet,liu,liuse,liu.unity.ac,Sweden,Europe/Stockholm,sv_SE,[a-zA-Z0-9\._-]*liu[.][a-zA-Z\._-]*se,,,
97,https://shibbo.ltu.se/idp/shibboleth,Luleå Tekniska Universitet,ltu,ltuse,ltu.unity.ac,Sweden,Europe/Stockholm,sv_SE,[a-zA-Z0-9\._-]*luth[.][a-zA-Z\._-]*se|[a-zA-Z0-9\._-]*ltu[.][a-zA-Z\._-]*se,,,
98,https://idp.hkr.se/idp/shibboleth,Högskolan Kristianstad,hkr,hkrse,hkr.unity.ac,Sweden,Europe/Stockholm,sv_SE,[a-zA-Z0-9\._-]*hkr[.][a-zA-Z\._-]*se,,,
99,https://idp.it.su.se/idp/shibboleth,Stockholms Universitet,su,suse,su.unity.ac,Sweden,Europe/Stockholm,sv_SE,[a-zA-Z0-9\._-]*su[.][a-zA-Z\._-]*se,,,
100,https://saml-1.sys.kth.se/idp/shibboleth,Kungliga Tekniska Högskolan,kth,kthse,kth.unity.ac,Sweden,Europe/Stockholm,sv_SE,[a-zA-Z0-9\._-]*kth[.][a-zA-Z\._-]*se,,,
101,https://shib-idp-1.oru.se/idp/shibboleth,Örebro Universitet,oru,oruse,oru.unity.ac,Sweden,Europe/Stockholm,sv_SE,[a-zA-Z0-9\._-]*oru[.][a-zA-Z\._-]*se|[a-zA-Z0-9\._-]*orebroll[.][a-zA-Z\._-]*se,,,
102,https://idp.umu.se/saml2/idp/metadata.php,Umeå Universitet,umu,umuse,umu.unity.ac,Sweden,Europe/Stockholm,sv_SE,[a-zA-Z0-9\._-]*umu[.][a-zA-Z\._-]*se,,,
103,https://idp2.kau.se/idp/shibboleth,Karlstads Universitet,kau,kause,kau.unity.ac,Sweden,Europe/Stockholm,sv_SE,[a-zA-Z0-9\._-]*kau[.][a-zA-Z\._-]*se,,,
104,https://shibb1.hj.se/idp/shibboleth,Högskolan i Jönköping,hj,hjse,hj.unity.ac,Sweden,Europe/Stockholm,sv_SE,[a-zA-Z0-9\._-]*hj[.][a-zA-Z\._-]*se,,,
106,https://idp.kb.se/idp/shibboleth,Kungliga biblioteket,kb,kbse,kb.unity.ac,Sweden,Europe/Stockholm,sv_SE,[a-zA-Z0-9\._-]*kb[.][a-zA-Z\._-]*se,,,
107,https://signon.hh.se/idp/shibboleth,Högskolan i Halmstad,hh,hhse,hh.unity.ac,Sweden,Europe/Stockholm,sv_SE,[a-zA-Z0-9\._-]*hh[.][a-zA-Z\._-]*se,,,
108,https://vmidgw3.miun.se/idp/shibboleth,Mittuniversitetet,miun,miunse,miun.unity.ac,Sweden,Europe/Stockholm,sv_SE,[a-zA-Z0-9\._-]*miun[.][a-zA-Z\._-]*se,,,
109,https://idp.irf.se/idp/shibboleth,Institutet för Rymdfysik,irf,irfse,irf.unity.ac,Sweden,Europe/Stockholm,sv_SE,[a-zA-Z0-9\._-]*irf[.][a-zA-Z\._-]*se,,,
113,https://idp.student.bth.se/idp/shibboleth,Blekinge Tekniska Högskola (Studenter),bth,bthse,bth.unity.ac,Sweden,Europe/Stockholm,sv_SE,[a-zA-Z0-9\._-]*bth[.][a-zA-Z\._-]*se,,,
114,https://identity.mdh.se/idp/shibboleth,Mälardalens Högskola,mdh,mdhse,mdh.unity.ac,Sweden,Europe/Stockholm,sv_SE,[a-zA-Z0-9\._-]*mdh[.][a-zA-Z\._-]*se,,,
115,https://idp.it.gu.se/idp/shibboleth,Göteborgs Universitet,gu,guse,gu.unity.ac,Sweden,Europe/Stockholm,sv_SE,[a-zA-Z0-9\._-]*gu[.][a-zA-Z\._-]*se,,,
116,http://adfs01.fhs.se/adfs/services/trust,Försvarshögskolan,fhs,fhsse,fhs.unity.ac,Sweden,Europe/Stockholm,sv_SE,[a-zA-Z0-9\._-]*fhs[.][a-zA-Z\._-]*se,,,
117,https://idp.konstfack.se/idp/shibboleth,Konstfack,konstfack,konstfackse,konstfack.unity.ac,Sweden,Europe/Stockholm,sv_SE,[a-zA-Z0-9\._-]*konstfack[.][a-zA-Z\._-]*se,,,
119,https://idp.kmh.se/idp/shibboleth,Kungliga Musikhögskolan,kmh,kmhse,kmh.unity.ac,Sweden,Europe/Stockholm,sv_SE,[a-zA-Z0-9\._-]*kmh[.][a-zA-Z\._-]*se,,,
120,https://shibboleth.net.lu.se/idp/shibboleth,Lunds Universitet,lu,luse,lu.unity.ac,Sweden,Europe/Stockholm,sv_SE,[a-zA-Z0-9\._-]*lu[.][a-zA-Z\._-]*se,,,
121,https://idp.kva.se/idp/shibboleth,Kungliga vetenskapsakademien,kva,kvase,kva.unity.ac,Sweden,Europe/Stockholm,sv_SE,[a-zA-Z0-9\._-]*kva[.][a-zA-Z\._-]*se,,,
123,https://idp.esh.se/idp/shibboleth,Ersta Sköndal Högskola,esh,eshse,esh.unity.ac,Sweden,Europe/Stockholm,sv_SE,[a-zA-Z0-9\._-]*esh[.][a-zA-Z\._-]*se,,,
125,https://kiidp.ki.se/idp/shibboleth,Karolinska Institutet,ki,kise,ki.unity.ac,Sweden,Europe/Stockholm,sv_SE,[a-zA-Z0-9\._-]*ki[.][a-zA-Z\._-]*se,,,
126,https://swamid2.shh.se/idp/shibboleth,Sophiahemmet Högskola,shh,shhse,shh.unity.ac,Sweden,Europe/Stockholm,sv_SE,[a-zA-Z0-9\._-]*shh[.][a-zA-Z\._-]*se,,,
127,https://idp.suni.se/adfs/services/trust,Södertörns högskola,sh,shse,sh.unity.ac,Sweden,Europe/Stockholm,sv_SE,[a-zA-Z0-9\._-]*sh[.][a-zA-Z\._-]*se,,,
128,https://hbidp.hb.se/idp/shibboleth,Högskolan i Borås,hb,hbse,hb.unity.ac,Sweden,Europe/Stockholm,sv_SE,[a-zA-Z0-9\._-]*hb[.][a-zA-Z\._-]*se,,,
129,https://idp.his.se/idp/shibboleth,Högskolan i Skövde,his,hisse,his.unity.ac,Sweden,Europe/Stockholm,sv_SE,[a-zA-Z0-9\._-]*his[.][a-zA-Z\._-]*se,,,
130,https://idp2.hv.se/idp/shibboleth,Högskolan Väst,hv,hvse,hv.unity.ac,Sweden,Europe/Stockholm,sv_SE,[a-zA-Z0-9\._-]*hv[.][a-zA-Z\._-]*se,,,
133,https://gihidentity01.ihs.se/idp/shibboleth,Gymnastik- och Idrottshögskolan,gih,gihse,gih.unity.ac,Sweden,Europe/Stockholm,sv_SE,[a-zA-Z0-9\._-]*gih[.][a-zA-Z\._-]*se,,,
134,https://weblogin.uu.se/idp/shibboleth,Uppsala universitet,uu,uuse,uu.unity.ac,Sweden,Europe/Stockholm,sv_SE,[a-zA-Z0-9\._-]*uu[.][a-zA-Z\._-]*se,,,
135,https://login.idp.hhs.se/idp/shibboleth,Handelshögskolan i Stockholm,hhs,hhsse,hhs.unity.ac,Sweden,Europe/Stockholm,sv_SE,[a-zA-Z0-9\._-]*hhs[.][a-zA-Z\._-]*se,,,
138,https://aai-idp.unibe.ch/idp/shibboleth,Universität Bern,unibe,unibech,unibe.unity.ac,Switzerland,Europe/Vienna,de_DE,[a-zA-Z0-9\._-]*unibe[.][a-zA-Z\._-]*ch,,,
139,https://aai-idp.uzh.ch/idp/shibboleth,Universität Zürich,uzh,uzhch,uzh.unity.ac,Switzerland,Europe/Vienna,de_DE,[a-zA-Z0-9\._-]*uzh[.][a-zA-Z\._-]*ch,,,
141,https://aai-login.fh-htwchur.ch/idp/shibboleth,HTW Chur - Hochschule für Technik und Wirtschaft,htwchur,htwchurch,htwchur.unity.ac,Switzerland,Europe/Vienna,de_DE,[a-zA-Z0-9\._-]*htwchur[.][a-zA-Z\._-]*ch,,,
142,https://aai-logon.bfh.ch/idp/shibboleth,BFH - Berner Fachhochschule,bfh,bfhch,bfh.unity.ac,Switzerland,Europe/Vienna,de_DE,[a-zA-Z0-9\._-]*bfh[.][a-zA-Z\._-]*ch,,,
143,https://aai-logon.fhnw.ch/idp/shibboleth,FHNW - Fachhochschule Nordwestschweiz,fhnw,fhnwch,fhnw.unity.ac,Switzerland,Europe/Vienna,de_DE,[a-zA-Z0-9\._-]*fhnw[.][a-zA-Z\._-]*ch,,,
144,https://aai-logon.fhsg.ch/idp/shibboleth,FHS St. Gallen,fhsg,fhsgch,fhsg.unity.ac,Switzerland,Europe/Vienna,de_DE,[a-zA-Z0-9\._-]*fhsg[.][a-zA-Z\._-]*ch,,,
145,https://aai-logon.hes-so.ch/idp/shibboleth,HES-SO : UAS Western Switzerland,hes-so,hes-soch,hes-so.unity.ac,Switzerland,Europe/Vienna,fr_FR,[a-zA-Z0-9\._-]*hes-so[.][a-zA-Z\._-]*ch,,,
147,https://aai-logon.uni.li/idp/shibboleth,Universität Liechtenstein,uni,unili,uni.unity.ac,Liechtenstein,Europe/Vienna,de_DE,[a-zA-Z0-9\._-]*uni[.][a-zA-Z\._-]*li,,,
148,https://aai-logon.wsl.ch/idp/shibboleth,"WSL - Eidg. Forschungsanstalt für Wald, Schnee und Landschaft",wsl,wslch,wsl.unity.ac,Switzerland,Europe/Vienna,de_DE,[a-zA-Z0-9\._-]*wsl[.][a-zA-Z\._-]*ch,,,
149,https://aai.rz.uni-leipzig.de/idp/shibboleth,Universität Leipzig,uni-leipzig,uni-leipzigde,uni-leipzig.unity.ac,Germany,Europe/Berlin,de_DE,[a-zA-Z0-9\._-]*uni-leipzig[.][a-zA-Z\._-]*de,,,
151,http://adfs.tue.nl/adfs/services/trust,Technische Universiteit Eindhoven,tue,tuenl,tue.unity.ac,Netherlands,Europe/Amsterdam,nl_NL,[a-zA-Z0-9\._-]*tue[.][a-zA-Z\._-]*nl,,,
208,https://cern.ch/login,CERN,cern,cernch,cern.unity.ac,Switzerland,Europe/Vienna,fr_FR,[a-zA-Z0-9\._-]*cern[.][a-zA-Z\._-]*ch,,,
213,https://edugate.itb.ie/idp/shibboleth,Institute of Technology Blanchardstown,itb,itbie,itb.unity.ac,Ireland,Europe/Dublin,en_GB,[a-zA-Z0-9\._-]*itb[.][a-zA-Z\._-]*ie,,,
236,https://haka.saimia.fi/idp/shibboleth,Saimaan ammattikorkeakoulu,saimia,saimiafi,saimia.unity.ac,Finland,Europe/Helsinki,en_GB,[a-zA-Z0-9\._-]*saimia[.][a-zA-Z\._-]*fi,,,
239,https://idem.ced.inaf.it/idp/shibboleth,Istituto Nazionale di Astrofisica - INAF,inaf,inafit,inaf.unity.ac,Italy,Europe/Rome,it_IT,[a-zA-Z0-9\._-]*inaf[.][a-zA-Z\._-]*it,,,
240,https://idemfero.units.it/idp/shibboleth,Università di Trieste,units,unitsit,units.unity.ac,Italy,Europe/Rome,it_IT,[a-zA-Z0-9\._-]*units[.][a-zA-Z\._-]*it,,,
241,https://idem.univpm.it/idp/shibboleth,Universita' Politecnica delle Marche,univpm,univpmit,univpm.unity.ac,Italy,Europe/Rome,it_IT,[a-zA-Z0-9\._-]*univpm[.][a-zA-Z\._-]*it,,,
255,https://idp1.hogent.be/idp/shibboleth,Hogeschool Gent,hogent,hogentbe,hogent.unity.ac,Belgium,Europe/Brussels,nl_NL,[a-zA-Z0-9\._-]*hogent[.][a-zA-Z\._-]*be,,,
257,https://idp1.uwaterloo.ca/idp/shibboleth,University of Waterloo,uwaterloo,uwaterlooca,uwaterloo.unity.ac,Canada,America/New_York,en_US,[a-zA-Z0-9\._-]*uwaterloo[.][a-zA-Z\._-]*ca,,,
267,https://idp.aalto.fi/idp/shibboleth,Aalto-yliopisto,aalto,aaltofi,aalto.unity.ac,Finland,Europe/Helsinki,en_GB,[a-zA-Z0-9\._-]*aalto[.][a-zA-Z\._-]*fi,,,
268,https://idp.abo.fi/idp/shibboleth,Åbo Akademi,abo,abofi,abo.unity.ac,Finland,Europe/Helsinki,sv_SE,[a-zA-Z0-9\._-]*abo[.][a-zA-Z\._-]*fi,,,
281,https://idp.cardiff.ac.uk/shibboleth,Cardiff University,cardiff,cardiffuk,cardiff.unity.ac,United Kingdom,Europe/London,en_GB,[a-zA-Z0-9\._-]*cardiff[.][a-zA-Z\._-]*ac[.]uk|[a-zA-Z0-9\._-]*cf[.][a-zA-Z\._-]*ac[.]uk,,,
287,https://idp.condorcet.be/idp/shibboleth,HEPH-Condorcet,condorcet,condorcetbe,condorcet.unity.ac,Belgium,Europe/Brussels,fr_FR,[a-zA-Z0-9\._-]*condorcet[.][a-zA-Z\._-]*be,,,
289,https://idp.craw.eu/idp/shibboleth,CRA-W,cra.wallonie,crawalloniebe,cra.wallonie.unity.ac,Belgium,Europe/Brussels,fr_FR,[a-zA-Z0-9\._-]*cra[.]wallonie[.][a-zA-Z\._-]*be,,,
299,https://idp.crous-montpellier.fr/idp/shibboleth,CROUS Montpellier,crous-montpellier,crous-montpellierfr,crous-montpellier.unity.ac,France,Europe/Paris,fr_FR,[a-zA-Z0-9\._-]*crous-montpellier[.][a-zA-Z\._-]*fr,,,
311,https://idp-css.irccs.garr.it/idp/shibboleth,IRCCS Casa Sollievo della Sofferenza Research Hospital,operapadrepio,operapadrepioit,operapadrepio.unity.ac,Italy,Europe/Rome,it_IT,[a-zA-Z0-9\._-]*operapadrepio[.][a-zA-Z\._-]*it,,,
321,https://idp.dit.ie/idp/shibboleth,Dublin Institute of Technology,dit,ditie,dit.unity.ac,Ireland,Europe/Dublin,en_GB,[a-zA-Z0-9\._-]*dit[.][a-zA-Z\._-]*ie,,,
322,https://idp.dkit.ie/idp/shibboleth,Dundalk Institute of Technology,dkit,dkitie,dkit.unity.ac,Ireland,Europe/Dublin,en_GB,[a-zA-Z0-9\._-]*dkit[.][a-zA-Z\._-]*ie,,,
326,https://idp.ed.ac.uk/shibboleth,University of Edinburgh,ed,eduk,ed.unity.ac,United Kingdom,Europe/London,en_GB,[a-zA-Z0-9\._-]*edina[.][a-zA-Z\._-]*ac[.]uk|[a-zA-Z0-9\._-]*ed[.][a-zA-Z\._-]*ac[.]uk,,,
341,https://idp.epfl.ch/idp/shibboleth,EPFL - EPF Lausanne,epfl,epflch,epfl.unity.ac,Switzerland,Europe/Vienna,fr_FR,[a-zA-Z0-9\._-]*epfl[.][a-zA-Z\._-]*ch,,,
346,https://idp.fh-kaernten.at/idp/shibboleth,Fachhochschule Kärnten,fh-kaernten,fh-kaerntenat,fh-kaernten.unity.ac,Austria,Europe/Vienna,de_DE,[a-zA-Z0-9\._-]*fh-kaernten[.][a-zA-Z\._-]*at,,,
347,https://idp.fh-rosenheim.de/idp/shibboleth,Hochschule Rosenheim,fh-rosenheim,fh-rosenheimde,fh-rosenheim.unity.ac,Germany,Europe/Berlin,de_DE,[a-zA-Z0-9\._-]*fh-rosenheim[.][a-zA-Z\._-]*de,,,
351,https://idp.hainaut-promsoc.be/idp/shibboleth,Hainaut-PromSoc,hainaut-promsoc,hainaut-promsocbe,hainaut-promsoc.unity.ac,Belgium,Europe/Brussels,fr_FR,[a-zA-Z0-9\._-]*hainaut-promsoc[.][a-zA-Z\._-]*be,,,
353,https://idp.hebis.de/uni-frankfurt,Johann Wolfgang Goethe-Universität Frankfurt am Main,uni-frankfurt,uni-frankfurtde,uni-frankfurt.unity.ac,Germany,Europe/Berlin,de_DE,[a-zA-Z0-9\._-]*uni-frankfurt[.][a-zA-Z\._-]*de,,,
356,https://idp.hs-esslingen.de/idp/shibboleth,Hochschule Esslingen,hs-esslingen,hs-esslingende,hs-esslingen.unity.ac,Germany,Europe/Berlin,de_DE,[a-zA-Z0-9\._-]*hs-esslingen[.][a-zA-Z\._-]*de,,,
357,https://idp.hslu.ch/idp/shibboleth,HSLU - Hochschule Luzern,hslu,hsluch,hslu.unity.ac,Switzerland,Europe/Vienna,de_DE,[a-zA-Z0-9\._-]*hslu[.][a-zA-Z\._-]*ch,,,
360,https://idp.ids-mannheim.de/idp/shibboleth,Institut für Deutsche Sprache (IDS),ids-mannheim,ids-mannheimde,ids-mannheim.unity.ac,Germany,Europe/Berlin,de_DE,[a-zA-Z0-9\._-]*ids-mannheim[.][a-zA-Z\._-]*de,,,
367,https://idp.iit.it/idp/shibboleth,IIT - Istituto Italiano di Tecnologia,iit,iitit,iit.unity.ac,Italy,Europe/Rome,it_IT,[a-zA-Z0-9\._-]*iit[.][a-zA-Z\._-]*it,,,
376,https://idp.ipa.ie/idp/shibboleth,Institute of Public Administration,ipa,ipaie,ipa.unity.ac,Ireland,Europe/Dublin,en_GB,[a-zA-Z0-9\._-]*ipa[.][a-zA-Z\._-]*ie,,,
381,https://idp.its.fz-juelich.de/idp/shibboleth,Forschungszentrum Jülich GmbH,fz-juelich,fz-juelichde,fz-juelich.unity.ac,Germany,Europe/Berlin,de_DE,[a-zA-Z0-9\._-]*fz-juelich[.][a-zA-Z\._-]*de,,,
382,https://idp.itsligo.ie/idp/shibboleth,Institute of Technology Sligo,itsligo,itsligoie,itsligo.unity.ac,Ireland,Europe/Dublin,en_GB,[a-zA-Z0-9\._-]*itsligo[.][a-zA-Z\._-]*ie,,,
384,https://idp.ittralee.ie/idp,Institute of Technology Tralee,ittralee,ittraleeie,ittralee.unity.ac,Ireland,Europe/Dublin,en_GB,[a-zA-Z0-9\._-]*ittralee[.][a-zA-Z\._-]*ie,,,
386,https://idp.lapinamk.fi/idp/shibboleth,Lapin amk,lapinamk,lapinamkfi,lapinamk.unity.ac,Finland,Europe/Helsinki,en_GB,[a-zA-Z0-9\._-]*lapinamk[.][a-zA-Z\._-]*fi,,,
390,https://idp.mci4me.at/idp/shibboleth,Management Center Innsbruck,mci,mciat,mci.unity.ac,Austria,Europe/Vienna,de_DE,[a-zA-Z0-9\._-]*mci[.][a-zA-Z\._-]*edu,,,
391,https://idp.meduniwien.ac.at/idp/shibboleth,Medizinische Universität Wien,meduniwien,meduniwienat,meduniwien.unity.ac,Austria,Europe/Vienna,de_DE,[a-zA-Z0-9\._-]*meduniwien[.][a-zA-Z\._-]*ac[.]at,,,
392,https://idp.metropolia.fi/idp,Metropolia-ammattikorkeakoulu,metropolia,metropoliafi,metropolia.unity.ac,Finland,Europe/Helsinki,en_GB,[a-zA-Z0-9\._-]*metropolia[.][a-zA-Z\._-]*fi,,,
395,https://idp.ncirl.ie/idp/shibboleth,National College of Ireland,ncirl,ncirlie,ncirl.unity.ac,Ireland,Europe/Dublin,en_GB,[a-zA-Z0-9\._-]*ncirl[.][a-zA-Z\._-]*ie,,,
400,https://idp.nuigalway.ie/shibboleth,"National University of Ireland, Galway",nuigalway,nuigalwayie,nuigalway.unity.ac,Ireland,Europe/Dublin,en_GB,[a-zA-Z0-9\._-]*nuigalway[.][a-zA-Z\._-]*ie,,,
413,https://idp.shh.fi/idp/shibboleth,Hanken Svenska handelshögskolan,hanken,hankenfi,hanken.unity.ac,Finland,Europe/Helsinki,sv_SE,[a-zA-Z0-9\._-]*hanken[.][a-zA-Z\._-]*fi,,,
416,https://idp.sissa.it/idp/shibboleth,SISSA,sissa,sissait,sissa.unity.ac,Italy,Europe/Rome,it_IT,[a-zA-Z0-9\._-]*sissa[.][a-zA-Z\._-]*it,,,
420,https://idp-stellamaris.irccs.garr.it/idp/shibboleth,IRCCS Fondazione Stella Maris,irccs-stellamaris,irccs-stellamarisit,irccs-stellamaris.unity.ac,Italy,Europe/Rome,it_IT,[a-zA-Z0-9\._-]*irccs-stellamaris[.][a-zA-Z\._-]*it,,,
431,https://idp.tut.fi/shibboleth2,Tampereen teknillinen yliopisto,tut,tutfi,tut.unity.ac,Finland,Europe/Helsinki,en_GB,[a-zA-Z0-9\._-]*tut[.][a-zA-Z\._-]*fi,,,
441,https://idp.uef.fi/idp/shibboleth,Itä-Suomen yliopisto,uef,ueffi,uef.unity.ac,Finland,Europe/Helsinki,en_GB,[a-zA-Z0-9\._-]*uef[.][a-zA-Z\._-]*fi,,,
451,https://idp.ulapland.fi/idp/shibboleth,Lapin yliopisto,ulapland,ulaplandfi,ulapland.unity.ac,Finland,Europe/Helsinki,en_GB,[a-zA-Z0-9\._-]*ulapland[.][a-zA-Z\._-]*fi,,,
452,https://idp.ul.ie/idp/shibboleth,University of Limerick,ul,ulie,ul.unity.ac,Ireland,Europe/Dublin,en_GB,[a-zA-Z0-9\._-]*ul[.][a-zA-Z\._-]*ie,,,
453,https://idp.umk.pl/simplesaml/saml2/idp/metadata.php,Nicolaus Copernicus University in Torun,umk,umkpl,umk.unity.ac,Poland,Europe/Warsaw,pl_PL,[a-zA-Z0-9\._-]*umk[.][a-zA-Z\._-]*pl,,,
456,https://idp.unica.it/idp/shibboleth,Università di Cagliari,unica,unicait,unica.unity.ac,Italy,Europe/Rome,it_IT,[a-zA-Z0-9\._-]*unica[.][a-zA-Z\._-]*it,,,
458,https://idp.unimc.it/idp/shibboleth,University of Macerata,unimc,unimcit,unimc.unity.ac,Italy,Europe/Rome,it_IT,[a-zA-Z0-9\._-]*unimc[.][a-zA-Z\._-]*it,,,
459,https://idp.uniparthenope.it/idp/shibboleth,Università di Napoli Parthenope,uniparthenope,uniparthenopeit,uniparthenope.unity.ac,Italy,Europe/Rome,it_IT,[a-zA-Z0-9\._-]*uniparthenope[.][a-zA-Z\._-]*it,,,
460,https://idp.unipi.it/idp/shibboleth,Università di Pisa,unipi,unipiit,unipi.unity.ac,Italy,Europe/Rome,it_IT,[a-zA-Z0-9\._-]*unipi[.][a-zA-Z\._-]*it,,,
461,https://idp.uniroma3.it/idp/shibboleth,University of Roma TRE,uniroma3,uniroma3it,uniroma3.unity.ac,Italy,Europe/Rome,it_IT,[a-zA-Z0-9\._-]*uniroma3[.][a-zA-Z\._-]*it,,,
463,https://idp-unito-prod.cineca.it/idp/shibboleth,Università di Torino,unito,unitoit,unito.unity.ac,Italy,Europe/Rome,it_IT,[a-zA-Z0-9\._-]*unito[.][a-zA-Z\._-]*it,,,
482,https://idp.uoa.gr/idp/shibboleth,National and Kapodistrian University of Athens,uoa,uoagr,uoa.unity.ac,Greece,Europe/Athens,en_GB,[a-zA-Z0-9\._-]*uoa[.][a-zA-Z\._-]*gr,,,
490,https://idp.utorauth.utoronto.ca/shibboleth,University of Toronto,utoronto,utorontoca,utoronto.unity.ac,Canada,America/New_York,en_US,[a-zA-Z0-9\._-]*utoronto[.][a-zA-Z\._-]*ca,,,
492,https://idp.vib.be/idp/shibboleth,VIB - Vlaams Instituut voor Biotechnologie,vib,vibbe,vib.unity.ac,Belgium,Europe/Brussels,nl_NL,[a-zA-Z0-9\._-]*vib[.][a-zA-Z\._-]*be,,,
493,https://idp.zid.tuwien.ac.at/saml2,Technische Universität Wien,tuwien,tuwienat,tuwien.unity.ac,Austria,Europe/Vienna,de_DE,[a-zA-Z0-9\._-]*tuwien[.][a-zA-Z\._-]*ac[.]at,,,
507,https://lmuidp.lrz.de/idp/shibboleth,Ludwig-Maximilians-Universität München,uni-muenchen,uni-muenchende,uni-muenchen.unity.ac,Germany,Europe/Berlin,de_DE,[a-zA-Z0-9\._-]*uni-muenchen[.][a-zA-Z\._-]*de,,,
510,https://login.athena-innovation.gr/idp/shibboleth,Athena - Research and Innovation Center,athena-innovation,athena-innovationgr,athena-innovation.unity.ac,Greece,Europe/Athens,en_GB,[a-zA-Z0-9\._-]*athena-innovation[.][a-zA-Z\._-]*gr,,,
514,https://login.fhv.at/shibboleth,Fachhochschule Vorarlberg,fhv,fhvat,fhv.unity.ac,Austria,Europe/Vienna,de_DE,[a-zA-Z0-9\._-]*fhv[.][a-zA-Z\._-]*at,,,
515,https://login.helsinki.fi/shibboleth,Helsingin yliopisto,helsinki,helsinkifi,helsinki.unity.ac,Finland,Europe/Helsinki,en_GB,[a-zA-Z0-9\._-]*helsinki[.][a-zA-Z\._-]*fi,,,
516,https://login-idp.auth.gr/idp/shibboleth,Aristotle University of Thessaloniki,auth,authgr,auth.unity.ac,Greece,Europe/Athens,en_GB,[a-zA-Z0-9\._-]*auth[.][a-zA-Z\._-]*gr,,,
520,https://login.ntua.gr/idp/shibboleth,National Technical University of Athens,ntua,ntuagr,ntua.unity.ac,Greece,Europe/Athens,en_GB,[a-zA-Z0-9\._-]*ntua[.][a-zA-Z\._-]*gr,,,
523,https://logout.uwasa.fi/idp/shibboleth,Vaasan yliopisto,uwasa,uwasafi,uwasa.unity.ac,Finland,Europe/Helsinki,en_GB,[a-zA-Z0-9\._-]*uwasa[.][a-zA-Z\._-]*fi,,,
532,https://qub.ac.uk/shibboleth,Queen's University Belfast,qub,qubuk,qub.unity.ac,United Kingdom,Europe/London,en_GB,[a-zA-Z0-9\._-]*qub[.][a-zA-Z\._-]*ac[.]uk,,,
560,https://shibboleth.fhwn.ac.at/idp/shibboleth,FH Wiener Neustadt,fhwn,fhwnat,fhwn.unity.ac,Austria,Europe/Vienna,de_DE,[a-zA-Z0-9\._-]*fhwn[.][a-zA-Z\._-]*ac[.]at,,,
563,https://shibboleth-idp.gwdg.de/gwdg/shibboleth,Gesellschaft für wissenschaftliche Datenverarbeitung mbH,gwdg,gwdgde,gwdg.unity.ac,Germany,Europe/Berlin,de_DE,[a-zA-Z0-9\._-]*gwdg[.][a-zA-Z\._-]*de,,,
564,https://shibboleth-idp.mpg.de/mpg/shibboleth,Max-Planck-Gesellschaft,mpg,mpgde,mpg.unity.ac,Germany,Europe/Berlin,de_DE,[a-zA-Z0-9\._-]*mpg[.][a-zA-Z\._-]*de,Value 2,,Value 1
566,https://shibboleth-idp.uni-goettingen.de/uni/shibboleth,Georg-August-Universität Göttingen,uni-goettingen,uni-goettingende,uni-goettingen.unity.ac,Germany,Europe/Berlin,de_DE,[a-zA-Z0-9\._-]*uni-goettingen[.][a-zA-Z\._-]*de,,,
567,https://shibboleth-idp.uni-regensburg.de/idp/shibboleth,Universität Regensburg,uni-regensburg,uni-regensburgde,uni-regensburg.unity.ac,Germany,Europe/Berlin,de_DE,[a-zA-Z0-9\._-]*uni-regensburg[.][a-zA-Z\._-]*de,,,
569,https://shibboleth.im.jku.at/idp/shibboleth,Johannes Kepler Universität Linz,jku,jkuat,jku.unity.ac,Austria,Europe/Vienna,de_DE,[a-zA-Z0-9\._-]*jku[.][a-zA-Z\._-]*at,,,
585,https://shibboleth.unifi.it/idp/shibboleth,University of Florence,unifi,unifiit,unifi.unity.ac,Italy,Europe/Rome,it_IT,[a-zA-Z0-9\._-]*unifi[.][a-zA-Z\._-]*it,,,
599,https://shibidp.cca.unipd.it/idp/shibboleth,University of Padova,unipd,unipdit,unipd.unity.ac,Italy,Europe/Rome,it_IT,[a-zA-Z0-9\._-]*unipd[.][a-zA-Z\._-]*it,,,
600,https://shib-idp.cms.hu-berlin.de/idp/shibboleth,Humboldt-Universität zu Berlin,hu-berlin,hu-berlinde,hu-berlin.unity.ac,Germany,Europe/Berlin,de_DE,[a-zA-Z0-9\._-]*hu-berlin[.][a-zA-Z\._-]*de,,,
602,https://shibidp.unipr.it/idp/shibboleth,Università di Parma,unipr,uniprit,unipr.unity.ac,Italy,Europe/Rome,it_IT,[a-zA-Z0-9\._-]*unipr[.][a-zA-Z\._-]*it,,,
604,https://shib.manchester.ac.uk/shibboleth,University of Manchester,manchester,manchesteruk,manchester.unity.ac,United Kingdom,Europe/London,en_GB,[a-zA-Z0-9\._-]*man[.][a-zA-Z\._-]*ac[.]uk|[a-zA-Z0-9\._-]*manchester[.][a-zA-Z\._-]*ac[.]uk|[a-zA-Z0-9\._-]*mbs[.][a-zA-Z\._-]*ac[.]uk,,,
607,https://shib.unibo.it/idp/shibboleth,University of Bologna,unibo,uniboit,unibo.unity.ac,Italy,Europe/Rome,it_IT,[a-zA-Z0-9\._-]*unibo[.][a-zA-Z\._-]*it,,,
621,https://sso.nikhef.nl/sso/saml2/idp/metadata.php,Nikhef,nikhef,nikhefnl,nikhef.unity.ac,Netherlands,Europe/Amsterdam,nl_NL,[a-zA-Z0-9\._-]*nikhef[.][a-zA-Z\._-]*nl,,,
623,https://sso.utu.fi/sso-idp,Turun yliopisto,utu,utufi,utu.unity.ac,Finland,Europe/Helsinki,en_GB,[a-zA-Z0-9\._-]*utu[.][a-zA-Z\._-]*fi,,,
626,https://tullbommen.arcada.fi/simplesaml/,Arcada,arcada,arcadafi,arcada.unity.ac,Finland,Europe/Helsinki,en_GB,[a-zA-Z0-9\._-]*arcada[.][a-zA-Z\._-]*fi,,,
627,https://tumidp.lrz.de/idp/shibboleth,Technische Universität München,tum,tumde,tum.unity.ac,Germany,Europe/Berlin,de_DE,[a-zA-Z0-9\._-]*tum[.][a-zA-Z\._-]*de,,,
638,https://www.sso.uni-erlangen.de/simplesaml/saml2/idp/metadata.php,Friedrich-Alexander-Universität Erlangen-Nürnberg,fau,faude,fau.unity.ac,Germany,Europe/Berlin,de_DE,[a-zA-Z0-9\._-]*fau[.][a-zA-Z\._-]*de,,,
642,https://zividp.uni-muenster.de/idp/shibboleth,Westfälische Wilhelms-Universität Münster,uni-muenster,uni-muensterde,uni-muenster.unity.ac,Germany,Europe/Berlin,de_DE,[a-zA-Z0-9\._-]*uni-muenster[.][a-zA-Z\._-]*de,,,
645,urn:mace:eduserv.org.uk:athens:provider:tvu.ac.uk,University of West London,uwl,uwluk,uwl.unity.ac,United Kingdom,Europe/London,en_GB,[a-zA-Z0-9\._-]*uwl[.][a-zA-Z\._-]*ac[.]uk|[a-zA-Z0-9\._-]*tvu[.][a-zA-Z\._-]*ac[.]uk,,,
646,urn:mace:ac.uk:sdss.ac.uk:provider:identity:dur.ac.uk,University of Durham,durham,durhamuk,durham.unity.ac,United Kingdom,Europe/London,en_GB,[a-zA-Z0-9\._-]*durham[.][a-zA-Z\._-]*ac[.]uk|[a-zA-Z0-9\._-]*dur[.][a-zA-Z\._-]*ac[.]uk,,,
647,urn:mace:ac.uk:sdss.ac.uk:provider:identity:uhi.ac.uk,University of the Highlands and Islands,uhi,uhiuk,uhi.unity.ac,United Kingdom,Europe/London,en_GB,[a-zA-Z0-9\._-]*uhi[.][a-zA-Z\._-]*ac[.]uk,,,
651,https://registry.shibboleth.ox.ac.uk/idp,University of Oxford,ox,oxuk,ox.unity.ac,United Kingdom,Europe/London,en_GB,[a-zA-Z0-9\._-]*ox[.][a-zA-Z\._-]*ac[.]uk,,,
654,https://lse.ac.uk/idp,London School of Economics and Political Science,lse,lseuk,lse.unity.ac,United Kingdom,Europe/London,en_GB,[a-zA-Z0-9\._-]*lse[.][a-zA-Z\._-]*ac[.]uk,,,
656,https://shibboleth.imperial.ac.uk/shibboleth,Imperial College London,imperial,imperialuk,imperial.unity.ac,United Kingdom,Europe/London,en_GB,[a-zA-Z0-9\._-]*imperial[.][a-zA-Z\._-]*ac[.]uk|[a-zA-Z0-9\._-]*ic[.][a-zA-Z\._-]*ac[.]uk,,,
657,https://shib.raven.cam.ac.uk/shibboleth,University of Cambridge,cam,camuk,cam.unity.ac,United Kingdom,Europe/London,en_GB,[a-zA-Z0-9\._-]*cam[.][a-zA-Z\._-]*ac[.]uk,,,
658,https://idp.wmin.ac.uk/entity,University of Westminster,westminster,westminsteruk,westminster.unity.ac,United Kingdom,Europe/London,en_GB,[a-zA-Z0-9\._-]*wmin[.][a-zA-Z\._-]*ac[.]uk|[a-zA-Z0-9\._-]*westminster[.][a-zA-Z\._-]*ac[.]uk,,,
660,https://idp0.abertay.ac.uk/shibboleth,Abertay University,abertay,abertayuk,abertay.unity.ac,United Kingdom,Europe/London,en_GB,[a-zA-Z0-9\._-]*abertay[.][a-zA-Z\._-]*ac[.]uk|[a-zA-Z0-9\._-]*tay[.][a-zA-Z\._-]*ac[.]uk,,,
664,https://shibboleth.aber.ac.uk/shibboleth,Aberystwyth University,aber,aberuk,aber.unity.ac,United Kingdom,Europe/London,en_GB,[a-zA-Z0-9\._-]*aber[.][a-zA-Z\._-]*ac[.]uk,,,
665,https://idp.sussex.ac.uk/shibboleth,University of Sussex,sussex,sussexuk,sussex.unity.ac,United Kingdom,Europe/London,en_GB,[a-zA-Z0-9\._-]*sussex[.][a-zA-Z\._-]*ac[.]uk,,,
666,https://idp.kingston.ac.uk/shibboleth,Kingston University London,kingston,kingstonuk,kingston.unity.ac,United Kingdom,Europe/London,en_GB,[a-zA-Z0-9\._-]*kingston[.][a-zA-Z\._-]*ac[.]uk,,,
667,https://idp.gla.ac.uk/shibboleth,University of Glasgow,gla,glauk,gla.unity.ac,United Kingdom,Europe/London,en_GB,[a-zA-Z0-9\._-]*glasgow[.][a-zA-Z\._-]*ac[.]uk|[a-zA-Z0-9\._-]*gla[.][a-zA-Z\._-]*ac[.]uk,,,
668,https://idp.bath.ac.uk/shibboleth,University of Bath,bath,bathuk,bath.unity.ac,United Kingdom,Europe/London,en_GB,[a-zA-Z0-9\._-]*bath[.][a-zA-Z\._-]*ac[.]uk,,,
669,https://shib.york.ac.uk/shibboleth,University of York,york,yorkuk,york.unity.ac,United Kingdom,Europe/London,en_GB,[a-zA-Z0-9\._-]*york[.][a-zA-Z\._-]*ac[.]uk,,,
670,https://idp.shibboleth.stir.ac.uk/shibboleth,University of Stirling,stir,stiruk,stir.unity.ac,United Kingdom,Europe/London,en_GB,[a-zA-Z0-9\._-]*stir[.][a-zA-Z\._-]*ac[.]uk,,,
671,https://idp.shef.ac.uk/shibboleth,University of Sheffield,sheffield,sheffielduk,sheffield.unity.ac,United Kingdom,Europe/London,en_GB,[a-zA-Z0-9\._-]*sheffield[.][a-zA-Z\._-]*ac[.]uk|[a-zA-Z0-9\._-]*shef[.][a-zA-Z\._-]*ac[.]uk,,,
672,https://sid.kent.ac.uk/shibboleth,University of Kent,kent,kentuk,kent.unity.ac,United Kingdom,Europe/London,en_GB,[a-zA-Z0-9\._-]*kent[.][a-zA-Z\._-]*ac[.]uk|[a-zA-Z0-9\._-]*ukc[.][a-zA-Z\._-]*ac[.]uk,,,
673,https://idp.bangor.ac.uk/shibboleth,Bangor University,bangor,bangoruk,bangor.unity.ac,United Kingdom,Europe/London,en_GB,[a-zA-Z0-9\._-]*bangor[.][a-zA-Z\._-]*ac[.]uk,,,
677,https://idp.dundee.ac.uk/shibboleth,University of Dundee,dundee,dundeeuk,dundee.unity.ac,United Kingdom,Europe/London,en_GB,[a-zA-Z0-9\._-]*dundee[.][a-zA-Z\._-]*ac[.]uk,,,
679,https://idp.shu.ac.uk/shibboleth,Sheffield Hallam University,shu,shuuk,shu.unity.ac,United Kingdom,Europe/London,en_GB,[a-zA-Z0-9\._-]*shu[.][a-zA-Z\._-]*ac[.]uk,,,
680,https://idp.st-andrews.ac.uk/shibboleth,University of St Andrews,st-andrews,st-andrewsuk,st-andrews.unity.ac,United Kingdom,Europe/London,en_GB,[a-zA-Z0-9\._-]*st-andrews[.][a-zA-Z\._-]*ac[.]uk|[a-zA-Z0-9\._-]*st-and[.][a-zA-Z\._-]*ac[.]uk,,,
683,https://idp1.ioe.ac.uk/shibboleth,"Institute of Education, University of London",ioe,ioeuk,ioe.unity.ac,United Kingdom,Europe/London,en_GB,[a-zA-Z0-9\._-]*ioe[.][a-zA-Z\._-]*ac[.]uk,,,
685,https://netlogin.strath.ac.uk/shibboleth,University of Strathclyde,strath,strathuk,strath.unity.ac,United Kingdom,Europe/London,en_GB,[a-zA-Z0-9\._-]*strath[.][a-zA-Z\._-]*ac[.]uk,,,
690,https://idp.bham.ac.uk/shibboleth,University of Birmingham,bham,bhamuk,bham.unity.ac,United Kingdom,Europe/London,en_GB,[a-zA-Z0-9\._-]*bham[.][a-zA-Z\._-]*ac[.]uk,,,
699,https://idp.londonmet.ac.uk/entity,London Metropolitan University,londonmet,londonmetuk,londonmet.unity.ac,United Kingdom,Europe/London,en_GB,[a-zA-Z0-9\._-]*londonmet[.][a-zA-Z\._-]*ac[.]uk,,,
701,https://shib1.hw.ac.uk/shibboleth,Heriot-Watt University,hw,hwuk,hw.unity.ac,United Kingdom,Europe/London,en_GB,[a-zA-Z0-9\._-]*hw[.][a-zA-Z\._-]*ac[.]uk,,,
703,https://shib1.napier.ac.uk/entity,Edinburgh Napier University,napier,napieruk,napier.unity.ac,United Kingdom,Europe/London,en_GB,[a-zA-Z0-9\._-]*napier[.][a-zA-Z\._-]*ac[.]uk,,,
704,https://idp.beds.ac.uk/entity,University of Bedfordshire,beds,bedsuk,beds.unity.ac,United Kingdom,Europe/London,en_GB,[a-zA-Z0-9\._-]*beds[.][a-zA-Z\._-]*ac[.]uk|[a-zA-Z0-9\._-]*luton[.][a-zA-Z\._-]*ac[.]uk,,,
706,https://idp.port.ac.uk/entity,University of Portsmouth,port,portuk,port.unity.ac,United Kingdom,Europe/London,en_GB,[a-zA-Z0-9\._-]*port[.][a-zA-Z\._-]*ac[.]uk,,,
708,https://shibboleth.lsbu.ac.uk/shibboleth,London South Bank University,lsbu,lsbuuk,lsbu.unity.ac,United Kingdom,Europe/London,en_GB,[a-zA-Z0-9\._-]*lsbu[.][a-zA-Z\._-]*ac[.]uk,,,
709,https://idp.nottingham.ac.uk/shibboleth,University of Nottingham,nottingham,nottinghamuk,nottingham.unity.ac,United Kingdom,Europe/London,en_GB,[a-zA-Z0-9\._-]*nottingham[.][a-zA-Z\._-]*ac[.]uk|[a-zA-Z0-9\._-]*nott[.][a-zA-Z\._-]*ac[.]uk,,,
711,https://elibrary.exeter.ac.uk/idp/shibboleth,University of Exeter,exeter,exeteruk,exeter.unity.ac,United Kingdom,Europe/London,en_GB,[a-zA-Z0-9\._-]*exeter[.][a-zA-Z\._-]*ac[.]uk|[a-zA-Z0-9\._-]*ex[.][a-zA-Z\._-]*ac[.]uk,,,
712,https://idp.mdx.ac.uk/shibboleth,Middlesex University,mdx,mdxuk,mdx.unity.ac,United Kingdom,Europe/London,en_GB,[a-zA-Z0-9\._-]*mdx[.][a-zA-Z\._-]*ac[.]uk,,,
713,https://idp.soas.ac.uk/entity,"SOAS, University of London",soas,soasuk,soas.unity.ac,United Kingdom,Europe/London,en_GB,[a-zA-Z0-9\._-]*soas[.][a-zA-Z\._-]*ac[.]uk,,,
714,https://idp.lshtm.ac.uk/shibboleth,London School of Hygiene & Tropical Medicine,lshtm,lshtmuk,lshtm.unity.ac,United Kingdom,Europe/London,en_GB,[a-zA-Z0-9\._-]*lshtm[.][a-zA-Z\._-]*ac[.]uk,,,
718,https://idp.newman.ac.uk/metadata,Newman University,newman,newmanuk,newman.unity.ac,United Kingdom,Europe/London,en_GB,[a-zA-Z0-9\._-]*newman[.][a-zA-Z\._-]*ac[.]uk,,,
719,https://zed.bcu.ac.uk/entity,Birmingham City University,bcu,bcuuk,bcu.unity.ac,United Kingdom,Europe/London,en_GB,[a-zA-Z0-9\._-]*bcu[.][a-zA-Z\._-]*ac[.]uk,,,
720,https://idp.cdd.ac.uk/shibboleth,Conservatoire for Dance and Drama,cdd,cdduk,cdd.unity.ac,United Kingdom,Europe/London,en_GB,[a-zA-Z0-9\._-]*cdd[.][a-zA-Z\._-]*ac[.]uk,,,
739,https://idp.brighton.ac.uk/shibboleth,University of Brighton,brighton,brightonuk,brighton.unity.ac,United Kingdom,Europe/London,en_GB,[a-zA-Z0-9\._-]*brighton[.][a-zA-Z\._-]*ac[.]uk|[a-zA-Z0-9\._-]*bton[.][a-zA-Z\._-]*ac[.]uk,,,
743,https://idp.mmu.ac.uk/shibboleth,Manchester Metropolitan University,mmu,mmuuk,mmu.unity.ac,United Kingdom,Europe/London,en_GB,[a-zA-Z0-9\._-]*mmu[.][a-zA-Z\._-]*ac[.]uk,,,
744,https://idp.le.ac.uk/shibboleth,University of Leicester,le,leuk,le.unity.ac,United Kingdom,Europe/London,en_GB,[a-zA-Z0-9\._-]*leicester[.][a-zA-Z\._-]*ac[.]uk|[a-zA-Z0-9\._-]*le[.][a-zA-Z\._-]*ac[.]uk,,,
747,https://idp.ljmu.ac.uk/shibboleth,Liverpool John Moores University,ljmu,ljmuuk,ljmu.unity.ac,United Kingdom,Europe/London,en_GB,[a-zA-Z0-9\._-]*ljmu[.][a-zA-Z\._-]*ac[.]uk,,,
756,https://idp.staffs.ac.uk/shibboleth,Staffordshire University,staffs,staffsuk,staffs.unity.ac,United Kingdom,Europe/London,en_GB,[a-zA-Z0-9\._-]*staffs[.][a-zA-Z\._-]*ac[.]uk,,,
764,https://idp.london.ac.uk/shibboleth,University of London,london,londonuk,london.unity.ac,United Kingdom,Europe/London,en_GB,[a-zA-Z0-9\._-]*london[.][a-zA-Z\._-]*ac[.]uk,,,
768,https://idp.leedsmet.ac.uk/shibboleth,Leeds Beckett University,leedsbeckett,leedsbeckettuk,leedsbeckett.unity.ac,United Kingdom,Europe/London,en_GB,[a-zA-Z0-9\._-]*leedsmet[.][a-zA-Z\._-]*ac[.]uk|[a-zA-Z0-9\._-]*lmu[.][a-zA-Z\._-]*ac[.]uk|[a-zA-Z0-9\._-]*leedsbeckett[.][a-zA-Z\._-]*ac[.]uk,,,
776,https://idp.canterbury.ac.uk/shibboleth,Canterbury Christ Church University,canterbury,canterburyuk,canterbury.unity.ac,United Kingdom,Europe/London,en_GB,[a-zA-Z0-9\._-]*canterbury[.][a-zA-Z\._-]*ac[.]uk,,,
777,https://idp.chester.ac.uk/shibboleth,University of Chester,chester,chesteruk,chester.unity.ac,United Kingdom,Europe/London,en_GB,[a-zA-Z0-9\._-]*chester[.][a-zA-Z\._-]*ac[.]uk,,,
778,https://idp.warwick.ac.uk/idp/shibboleth,University of Warwick,warwick,warwickuk,warwick.unity.ac,United Kingdom,Europe/London,en_GB,[a-zA-Z0-9\._-]*warwick[.][a-zA-Z\._-]*ac[.]uk,,,
779,https://webauth.soton.ac.uk/shibboleth,University of Southampton,soton,sotonuk,soton.unity.ac,United Kingdom,Europe/London,en_GB,[a-zA-Z0-9\._-]*southampton[.][a-zA-Z\._-]*ac[.]uk|[a-zA-Z0-9\._-]*soton[.][a-zA-Z\._-]*ac[.]uk,,,
782,https://idp.bbk.ac.uk/openathens,Birkbeck College,bbk,bbkuk,bbk.unity.ac,United Kingdom,Europe/London,en_GB,[a-zA-Z0-9\._-]*bbk[.][a-zA-Z\._-]*ac[.]uk,,,
786,https://idp.lboro.ac.uk/shibboleth,Loughborough University (ATHENS),lboro,lborouk,lboro.unity.ac,United Kingdom,Europe/London,en_GB,[a-zA-Z0-9\._-]*lboro[.][a-zA-Z\._-]*ac[.]uk,,,
789,https://idp.ucreative.ac.uk/shibboleth,University for the Creative Arts,ucreative,ucreativeuk,ucreative.unity.ac,United Kingdom,Europe/London,en_GB,[a-zA-Z0-9\._-]*ucreative[.][a-zA-Z\._-]*ac[.]uk,,,
790,https://idp.rncm.ac.uk/shibboleth,Royal Northern College Of Music,rncm,rncmuk,rncm.unity.ac,United Kingdom,Europe/London,en_GB,[a-zA-Z0-9\._-]*rncm[.][a-zA-Z\._-]*ac[.]uk,,,
791,https://idp.herts.ac.uk/shibboleth,University of Hertfordshire,herts,hertsuk,herts.unity.ac,United Kingdom,Europe/London,en_GB,[a-zA-Z0-9\._-]*herts[.][a-zA-Z\._-]*ac[.]uk,,,
792,https://idp.rhul.ac.uk/shibboleth,"Royal Holloway, University of London",rhul,rhuluk,rhul.unity.ac,United Kingdom,Europe/London,en_GB,[a-zA-Z0-9\._-]*rhul[.][a-zA-Z\._-]*ac[.]uk,,,
793,https://idp.leedstrinity.ac.uk/shibboleth,Leeds Trinity University,leedstrinity,leedstrinityuk,leedstrinity.unity.ac,United Kingdom,Europe/London,en_GB,[a-zA-Z0-9\._-]*leedstrinity[.][a-zA-Z\._-]*ac[.]uk,,,
806,https://idp.hud.ac.uk/shibboleth,University of Huddersfield - Athens,hud,huduk,hud.unity.ac,United Kingdom,Europe/London,en_GB,[a-zA-Z0-9\._-]*hud[.][a-zA-Z\._-]*ac[.]uk,,,
807,https://idp.city.ac.uk/shibboleth,City University London (Athens account log-in),city,cityuk,city.unity.ac,United Kingdom,Europe/London,en_GB,[a-zA-Z0-9\._-]*city[.][a-zA-Z\._-]*ac[.]uk,,,
808,https://idp.open.ac.uk/openathens,The Open University (Athens),open,openuk,open.unity.ac,United Kingdom,Europe/London,en_GB,[a-zA-Z0-9\._-]*open[.][a-zA-Z\._-]*ac[.]uk,,,
810,https://idp1.glos.ac.uk/entity,University of Gloucestershire,glos,glosuk,glos.unity.ac,United Kingdom,Europe/London,en_GB,[a-zA-Z0-9\._-]*glos[.][a-zA-Z\._-]*ac[.]uk,,,
812,https://idp.trinity-cm.ac.uk/shibboleth,University of Wales Trinity Saint David: Carmarthen / Lampeter,uwtsd,uwtsduk,uwtsd.unity.ac,United Kingdom,Europe/London,en_GB,[a-zA-Z0-9\._-]*uwtsd[.][a-zA-Z\._-]*ac[.]uk,,,
818,https://idp.ulster.ac.uk/shibboleth,University of Ulster,ulster,ulsteruk,ulster.unity.ac,United Kingdom,Europe/London,en_GB,[a-zA-Z0-9\._-]*ulster[.][a-zA-Z\._-]*ac[.]uk,,,
819,https://idp.nuca.ac.uk/shibboleth,Norwich University of the Arts,nua,nuauk,nua.unity.ac,United Kingdom,Europe/London,en_GB,[a-zA-Z0-9\._-]*nua[.][a-zA-Z\._-]*ac[.]uk,,,
821,https://idp.winchester.ac.uk/shibboleth,University of Winchester,winchester,winchesteruk,winchester.unity.ac,United Kingdom,Europe/London,en_GB,[a-zA-Z0-9\._-]*winchester[.][a-zA-Z\._-]*ac[.]uk,,,
823,https://idp.uel.ac.uk/shibboleth,University of East London,uel,ueluk,uel.unity.ac,United Kingdom,Europe/London,en_GB,[a-zA-Z0-9\._-]*uel[.][a-zA-Z\._-]*ac[.]uk,,,
832,https://idp.gre.ac.uk/shibboleth,University of Greenwich,gre,greuk,gre.unity.ac,United Kingdom,Europe/London,en_GB,[a-zA-Z0-9\._-]*gre[.][a-zA-Z\._-]*ac[.]uk,,,
834,https://idp.ram.ac.uk/shibboleth,Royal Academy of Music,ram,ramuk,ram.unity.ac,United Kingdom,Europe/London,en_GB,[a-zA-Z0-9\._-]*ram[.][a-zA-Z\._-]*ac[.]uk,,,
852,https://idp.bucks.ac.uk/entity,Buckinghamshire New University,bucks,bucksuk,bucks.unity.ac,United Kingdom,Europe/London,en_GB,[a-zA-Z0-9\._-]*bcuc[.][a-zA-Z\._-]*ac[.]uk|[a-zA-Z0-9\._-]*bucks[.][a-zA-Z\._-]*ac[.]uk,,,
863,https://idp.bishopg.ac.uk/shibboleth,Bishop Grosseteste University,bishopg,bishopguk,bishopg.unity.ac,United Kingdom,Europe/London,en_GB,[a-zA-Z0-9\._-]*bishopg[.][a-zA-Z\._-]*ac[.]uk,,,
877,https://shibboleth2.rwcmd.ac.uk/idp/shibboleth,Royal Welsh College of Music and Drama,rwcmd,rwcmduk,rwcmd.unity.ac,United Kingdom,Europe/London,en_GB,[a-zA-Z0-9\._-]*rwcmd[.][a-zA-Z\._-]*ac[.]uk,,,
885,https://idpglyndwr.ac.uk/shibboleth,Glyndwr University,glyndwr,glyndwruk,glyndwr.unity.ac,United Kingdom,Europe/London,en_GB,[a-zA-Z0-9\._-]*glyndwr[.][a-zA-Z\._-]*ac[.]uk,,,
895,https://idp.ucb.ac.uk/shibboleth,University College Birmingham,ucb,ucbuk,ucb.unity.ac,United Kingdom,Europe/London,en_GB,[a-zA-Z0-9\._-]*ucb[.][a-zA-Z\._-]*ac[.]uk,,,
904,https://idp1.tees.ac.uk/entity,Teesside University,tees,teesuk,tees.unity.ac,United Kingdom,Europe/London,en_GB,[a-zA-Z0-9\._-]*tees[.][a-zA-Z\._-]*ac[.]uk,,,
910,https://idp.courtauld.ac.uk/shibboleth,Courtauld Institute of Art,courtauld,courtaulduk,courtauld.unity.ac,United Kingdom,Europe/London,en_GB,[a-zA-Z0-9\._-]*courtauld[.][a-zA-Z\._-]*ac[.]uk,,,
936,https://idp.cssd.ac.uk/shibboleth,Royal Central School of Speech and Drama,cssd,cssduk,cssd.unity.ac,United Kingdom,Europe/London,en_GB,[a-zA-Z0-9\._-]*cssd[.][a-zA-Z\._-]*ac[.]uk,,,
942,https://shibboleth.falmouth.ac.uk/idp/shibboleth,Falmouth University,falmouth,falmouthuk,falmouth.unity.ac,United Kingdom,Europe/London,en_GB,[a-zA-Z0-9\._-]*falmouth[.][a-zA-Z\._-]*ac[.]uk,,,
947,https://idp.cumbria.ac.uk/idp/shibboleth,University of Cumbria,cumbria,cumbriauk,cumbria.unity.ac,United Kingdom,Europe/London,en_GB,[a-zA-Z0-9\._-]*cumbria[.][a-zA-Z\._-]*ac[.]uk|[a-zA-Z0-9\._-]*ucsm[.][a-zA-Z\._-]*ac[.]uk,,,
951,https://idp.marjon.ac.uk/idp/shibboleth,University of St Mark & St John,marjon,marjonuk,marjon.unity.ac,United Kingdom,Europe/London,en_GB,[a-zA-Z0-9\._-]*marjon[.][a-zA-Z\._-]*ac[.]uk,,,
954,https://passport01.leeds.ac.uk/idp/shibboleth,University of Leeds,leeds,leedsuk,leeds.unity.ac,United Kingdom,Europe/London,en_GB,[a-zA-Z0-9\._-]*leeds[.][a-zA-Z\._-]*ac[.]uk,,,
961,https://gateway.ncl.ac.uk/idp/shibboleth,Newcastle University,ncl,ncluk,ncl.unity.ac,United Kingdom,Europe/London,en_GB,[a-zA-Z0-9\._-]*newcastle[.][a-zA-Z\._-]*ac[.]uk|[a-zA-Z0-9\._-]*ncl[.][a-zA-Z\._-]*ac[.]uk,,,
964,https://idp1.smuc.ac.uk/idp/shibboleth,St Mary's University Twickenham,smuc,smucuk,smuc.unity.ac,United Kingdom,Europe/London,en_GB,[a-zA-Z0-9\._-]*smuc[.][a-zA-Z\._-]*ac[.]uk,,,
965,https://dmz-shib-dg-01.dmz.roehampton.ac.uk/idp/shibboleth,University of Roehampton,roehampton,roehamptonuk,roehampton.unity.ac,United Kingdom,Europe/London,en_GB,[a-zA-Z0-9\._-]*roehampton[.][a-zA-Z\._-]*ac[.]uk,,,
967,https://boleth.chi.ac.uk/idp/shibboleth,University of Chichester,chi,chiuk,chi.unity.ac,United Kingdom,Europe/London,en_GB,[a-zA-Z0-9\._-]*chi[.][a-zA-Z\._-]*ac[.]uk|[a-zA-Z0-9\._-]*ucc[.][a-zA-Z\._-]*ac[.]uk,,,
975,https://shib2.qmu.ac.uk/idp/shibboleth,"Queen Margaret University, Edinburgh",qmu,qmuuk,qmu.unity.ac,United Kingdom,Europe/London,en_GB,[a-zA-Z0-9\._-]*qmu[.][a-zA-Z\._-]*ac[.]uk|[a-zA-Z0-9\._-]*qmuc[.][a-zA-Z\._-]*ac[.]uk,,,
980,https://idp1.solent.ac.uk/idp/shibboleth,Southampton Solent University,solent,solentuk,solent.unity.ac,United Kingdom,Europe/London,en_GB,[a-zA-Z0-9\._-]*solent[.][a-zA-Z\._-]*ac[.]uk,,,
983,https://idp.wellcome.ac.uk/idp/shibboleth,Wellcome Trust,wellcome,wellcomeuk,wellcome.unity.ac,United Kingdom,Europe/London,en_GB,[a-zA-Z0-9\._-]*wellcome[.][a-zA-Z\._-]*ac[.]uk,,,
984,https://shibbsrv1.gsa.ac.uk/idp/shibboleth,Glasgow School of Art (MyGSA),gsa,gsauk,gsa.unity.ac,United Kingdom,Europe/London,en_GB,[a-zA-Z0-9\._-]*gsa[.][a-zA-Z\._-]*ac[.]uk,,,
995,https://idp.goldsmiths.ac.uk/idp/shibboleth,"Goldsmiths, University of London",gold,golduk,gold.unity.ac,United Kingdom,Europe/London,en_GB,[a-zA-Z0-9\._-]*gold[.][a-zA-Z\._-]*ac[.]uk,,,
1003,https://bathspa.ac.uk/oala/metadata,Bath Spa University,bathspa,bathspauk,bathspa.unity.ac,United Kingdom,Europe/London,en_GB,[a-zA-Z0-9\._-]*bathspa[.][a-zA-Z\._-]*ac[.]uk,,,
1013,https://shib2idp.rgu.ac.uk/idp/shibboleth,Robert Gordon University,rgu,rguuk,rgu.unity.ac,United Kingdom,Europe/London,en_GB,[a-zA-Z0-9\._-]*rgu[.][a-zA-Z\._-]*ac[.]uk,,,
1025,https://shib2idp.ntu.ac.uk/idp/shibboleth,Nottingham Trent University,ntu,ntuuk,ntu.unity.ac,United Kingdom,Europe/London,en_GB,[a-zA-Z0-9\._-]*ntu[.][a-zA-Z\._-]*ac[.]uk,,,
1033,https://shib-idp.ucl.ac.uk/shibboleth,UCL (University College London),ucl,ucluk,ucl.unity.ac,United Kingdom,Europe/London,en_GB,[a-zA-Z0-9\._-]*ucl[.][a-zA-Z\._-]*ac[.]uk,,,
1036,https://idp.shibboleth.qmul.ac.uk/idp/shibboleth,"Queen Mary, University of London",qmul,qmuluk,qmul.unity.ac,United Kingdom,Europe/London,en_GB,[a-zA-Z0-9\._-]*qmul[.][a-zA-Z\._-]*ac[.]uk,,,
1042,https://login.northumbria.ac.uk/idp/shibboleth,Northumbria University,northumbria,northumbriauk,northumbria.unity.ac,United Kingdom,Europe/London,en_GB,[a-zA-Z0-9\._-]*unn[.][a-zA-Z\._-]*ac[.]uk|[a-zA-Z0-9\._-]*northumbria[.][a-zA-Z\._-]*ac[.]uk,,,
1045,urn:mace:eduserv.org.uk:athens:provider:liv.ac.uk,University of Liverpool,liv,livuk,liv.unity.ac,United Kingdom,Europe/London,en_GB,[a-zA-Z0-9\._-]*liv[.][a-zA-Z\._-]*ac[.]uk|[a-zA-Z0-9\._-]*liverpool[.][a-zA-Z\._-]*ac[.]uk,,,
1048,https://bolton.ac.uk/oala/metadata,University of Bolton,bolton,boltonuk,bolton.unity.ac,United Kingdom,Europe/London,en_GB,[a-zA-Z0-9\._-]*bolton[.][a-zA-Z\._-]*ac[.]uk,,,
1052,https://shibidp.uclan.ac.uk/idp/shibboleth,University of Central Lancashire,uclan,uclanuk,uclan.unity.ac,United Kingdom,Europe/London,en_GB,[a-zA-Z0-9\._-]*uclan[.][a-zA-Z\._-]*ac[.]uk,,,
1056,https://shibserv.abdn.ac.uk/shibboleth,University of Aberdeen,abdn,abdnuk,abdn.unity.ac,United Kingdom,Europe/London,en_GB,[a-zA-Z0-9\._-]*abdn[.][a-zA-Z\._-]*ac[.]uk,,,
1057,https://idp.anglia.ac.uk/openathens,Anglia Ruskin University,anglia,angliauk,anglia.unity.ac,United Kingdom,Europe/London,en_GB,[a-zA-Z0-9\._-]*anglia[.][a-zA-Z\._-]*ac[.]uk,,,
1060,https://idp.uwic.ac.uk/idp/shibboleth,Cardiff Metropolitan University,cardiffmet,cardiffmetuk,cardiffmet.unity.ac,United Kingdom,Europe/London,en_GB,[a-zA-Z0-9\._-]*cardiffmet[.][a-zA-Z\._-]*ac[.]uk,,,
1061,https://kclidp.kcl.ac.uk/idp/shibboleth,King's College London,kcl,kcluk,kcl.unity.ac,United Kingdom,Europe/London,en_GB,[a-zA-Z0-9\._-]*kcl[.][a-zA-Z\._-]*ac[.]uk,,,
1075,https://idp.bournemouth.ac.uk/oala/metadata,Bournemouth University,bournemouth,bournemouthuk,bournemouth.unity.ac,United Kingdom,Europe/London,en_GB,[a-zA-Z0-9\._-]*bournemouth[.][a-zA-Z\._-]*ac[.]uk,,,
1077,https://shibboleth.edgehill.ac.uk/shibboleth,Edge Hill University,edgehill,edgehilluk,edgehill.unity.ac,United Kingdom,Europe/London,en_GB,[a-zA-Z0-9\._-]*edgehill[.][a-zA-Z\._-]*ac[.]uk,,,
1082,urn:mace:ac.uk:sdss.ac.uk:provider:identity:shibboleth-i.sgul.ac.uk,"St George's, University of London",sgul,sguluk,sgul.unity.ac,United Kingdom,Europe/London,en_GB,[a-zA-Z0-9\._-]*sgul[.][a-zA-Z\._-]*ac[.]uk|[a-zA-Z0-9\._-]*sghms[.][a-zA-Z\._-]*ac[.]uk,,,
1087,https://athens.newport.ac.uk/oala/metadata,University of South Wales (Newport and Caerleon),southwales,southwalesuk,southwales.unity.ac,United Kingdom,Europe/London,en_GB,[a-zA-Z0-9\._-]*newport[.][a-zA-Z\._-]*ac[.]uk|[a-zA-Z0-9\._-]*southwales[.][a-zA-Z\._-]*ac[.]uk,,,
1092,https://shibboleth.cranfield.ac.uk/idp/shibboleth,Cranfield University,cranfield,cranfielduk,cranfield.unity.ac,United Kingdom,Europe/London,en_GB,[a-zA-Z0-9\._-]*cranfield[.][a-zA-Z\._-]*ac[.]uk,,,
1095,https://idp0.essex.ac.uk/shibboleth,University of Essex,essex,essexuk,essex.unity.ac,United Kingdom,Europe/London,en_GB,[a-zA-Z0-9\._-]*essex[.][a-zA-Z\._-]*ac[.]uk,,,
1099,https://coventry.ac.uk/idp,Coventry University,coventry,coventryuk,coventry.unity.ac,United Kingdom,Europe/London,en_GB,[a-zA-Z0-9\._-]*coventry[.][a-zA-Z\._-]*ac[.]uk,,,
1106,https://oa-idp.wlv.ac.uk/oala/metadata,University of Wolverhampton,wlv,wlvuk,wlv.unity.ac,United Kingdom,Europe/London,en_GB,[a-zA-Z0-9\._-]*wlv[.][a-zA-Z\._-]*ac[.]uk,,,
1107,https://idp.bris.ac.uk/shibboleth,University of Bristol,bristol,bristoluk,bristol.unity.ac,United Kingdom,Europe/London,en_GB,[a-zA-Z0-9\._-]*bristol[.][a-zA-Z\._-]*ac[.]uk|[a-zA-Z0-9\._-]*bris[.][a-zA-Z\._-]*ac[.]uk,,,
1124,https://shib.hope.ac.uk/idp/shibboleth,Liverpool Hope University,hope,hopeuk,hope.unity.ac,United Kingdom,Europe/London,en_GB,[a-zA-Z0-9\._-]*hope[.][a-zA-Z\._-]*ac[.]uk,,,
1125,https://login.library.dmu.ac.uk/oala/metadata,De Montfort University,dmu,dmuuk,dmu.unity.ac,United Kingdom,Europe/London,en_GB,[a-zA-Z0-9\._-]*dmu[.][a-zA-Z\._-]*ac[.]uk,,,
1134,https://idp.arts.ac.uk/entity,University of the Arts London,arts,artsuk,arts.unity.ac,United Kingdom,Europe/London,en_GB,[a-zA-Z0-9\._-]*arts[.][a-zA-Z\._-]*ac[.]uk,,,
1139,https://athensla.uwe.ac.uk/oala/metadata,University of the West of England (UWE),uwe,uweuk,uwe.unity.ac,United Kingdom,Europe/London,en_GB,[a-zA-Z0-9\._-]*uwe[.][a-zA-Z\._-]*ac[.]uk,,,
1140,https://oala.trinitylaban.ac.uk/oala/metadata,Trinity Laban,trinitylaban,trinitylabanuk,trinitylaban.unity.ac,United Kingdom,Europe/London,en_GB,[a-zA-Z0-9\._-]*trinitylaban[.][a-zA-Z\._-]*ac[.]uk,,,
1155,https://iss-openathensla-runtime.swan.ac.uk/oala/metadata,Swansea University,swansea,swanseauk,swansea.unity.ac,United Kingdom,Europe/London,en_GB,[a-zA-Z0-9\._-]*swansea[.][a-zA-Z\._-]*ac[.]uk|[a-zA-Z0-9\._-]*swan[.][a-zA-Z\._-]*ac[.]uk,,,
1157,https://openathens.keele.ac.uk/oala/metadata,Keele University,keele,keeleuk,keele.unity.ac,United Kingdom,Europe/London,en_GB,[a-zA-Z0-9\._-]*keele[.][a-zA-Z\._-]*ac[.]uk,,,
1159,https://idp.worc.ac.uk/oala/metadata,University of Worcester,worc,worcuk,worc.unity.ac,United Kingdom,Europe/London,en_GB,[a-zA-Z0-9\._-]*worc[.][a-zA-Z\._-]*ac[.]uk|[a-zA-Z0-9\._-]*worcester[.][a-zA-Z\._-]*ac[.]uk,,,
1160,http://idp.northampton.ac.uk/oala/metadata,University of Northampton (IDP),northampton,northamptonuk,northampton.unity.ac,United Kingdom,Europe/London,en_GB,[a-zA-Z0-9\._-]*northampton[.][a-zA-Z\._-]*ac[.]uk,,,
1164,http://sso.sunderland.ac.uk/auth/metadata,University of Sunderland,sunderland,sunderlanduk,sunderland.unity.ac,United Kingdom,Europe/London,en_GB,[a-zA-Z0-9\._-]*sunderland[.][a-zA-Z\._-]*ac[.]uk,,,
1176,https://harper-adams.ac.uk/oala/metadata,Harper Adams University,harper-adams,harper-adamsuk,harper-adams.unity.ac,United Kingdom,Europe/London,en_GB,[a-zA-Z0-9\._-]*harper-adams[.][a-zA-Z\._-]*ac[.]uk,,,
1181,https://rcm.ac.uk/oala/metadata,Royal College of Music,rcm,rcmuk,rcm.unity.ac,United Kingdom,Europe/London,en_GB,[a-zA-Z0-9\._-]*rcm[.][a-zA-Z\._-]*ac[.]uk,,,
1193,https://brad.ac.uk/oala/metadata,University of Bradford,bradford,bradforduk,bradford.unity.ac,United Kingdom,Europe/London,en_GB,[a-zA-Z0-9\._-]*bradford[.][a-zA-Z\._-]*ac[.]uk|[a-zA-Z0-9\._-]*brad[.][a-zA-Z\._-]*ac[.]uk,,,
1194,https://idp.aucb.ac.uk/oala/metadata,Arts University Bournemouth,aub,aubuk,aub.unity.ac,United Kingdom,Europe/London,en_GB,[a-zA-Z0-9\._-]*aucb[.][a-zA-Z\._-]*ac[.]uk|[a-zA-Z0-9\._-]*aub[.][a-zA-Z\._-]*ac[.]uk,,,
1205,https://login.uea.ac.uk/entity,University of East Anglia (UEA),uea,ueauk,uea.unity.ac,United Kingdom,Europe/London,en_GB,[a-zA-Z0-9\._-]*uea[.][a-zA-Z\._-]*ac[.]uk,,,
1215,https://oala.surrey.ac.uk/oala/metadata,University of Surrey (Institutional Login),surrey,surreyuk,surrey.unity.ac,United Kingdom,Europe/London,en_GB,[a-zA-Z0-9\._-]*surrey[.][a-zA-Z\._-]*ac[.]uk,,,
1227,https://openathens.aston.ac.uk/oala/metadata,Aston University OpenAthens,aston,astonuk,aston.unity.ac,United Kingdom,Europe/London,en_GB,[a-zA-Z0-9\._-]*aston[.][a-zA-Z\._-]*ac[.]uk,,,
1231,https://idp.rac.ac.uk/oala/metadata,Royal Agricultural University,rau,rauuk,rau.unity.ac,United Kingdom,Europe/London,en_GB,[a-zA-Z0-9\._-]*rac[.][a-zA-Z\._-]*ac[.]uk|[a-zA-Z0-9\._-]*royalgcol[.][a-zA-Z\._-]*ac[.]uk,,,
1232,https://fam.salford.ac.uk/oala/metadata,University of Salford (Network Username),salford,salforduk,salford.unity.ac,United Kingdom,Europe/London,en_GB,[a-zA-Z0-9\._-]*salford[.][a-zA-Z\._-]*ac[.]uk,,,
1233,https://idp.rca.ac.uk/oala/metadata,Royal College of Art,rca,rcauk,rca.unity.ac,United Kingdom,Europe/London,en_GB,[a-zA-Z0-9\._-]*rca[.][a-zA-Z\._-]*ac[.]uk,,,
1235,https://idp.rvc.ac.uk/oala/metadata,Royal Veterinary College: OpenAthens LA,rvc,rvcuk,rvc.unity.ac,United Kingdom,Europe/London,en_GB,[a-zA-Z0-9\._-]*rvc[.][a-zA-Z\._-]*ac[.]uk,,,
1243,https://reading.ac.uk/oala/metadata,University of Reading,reading,readinguk,reading.unity.ac,United Kingdom,Europe/London,en_GB,[a-zA-Z0-9\._-]*reading[.][a-zA-Z\._-]*ac[.]uk,,,
1244,https://auth.buckingham.ac.uk/shibboleth,University of Buckingham,buckingham,buckinghamuk,buckingham.unity.ac,United Kingdom,Europe/London,en_GB,[a-zA-Z0-9\._-]*buckingham[.][a-zA-Z\._-]*ac[.]uk,,,
1259,https://idp.lancs.ac.uk/idp/shibboleth,Lancaster University (New IdP),lancaster,lancasteruk,lancaster.unity.ac,United Kingdom,Europe/London,en_GB,[a-zA-Z0-9\._-]*lancaster[.][a-zA-Z\._-]*ac[.]uk,,,
1269,https://idp.uws.ac.uk/oala/metadata,University of the West of Scotland (UWS),uws,uwsuk,uws.unity.ac,United Kingdom,Europe/London,en_GB,[a-zA-Z0-9\._-]*uws[.][a-zA-Z\._-]*ac[.]uk|[a-zA-Z0-9\._-]*paisley[.][a-zA-Z\._-]*ac[.]uk,,,
1272,https://fedauth.london.edu/oala/metadata,London Business School,lbs,lbsuk,lbs.unity.ac,United Kingdom,Europe/London,en_GB,[a-zA-Z0-9\._-]*london[.][a-zA-Z\._-]*edu,,,
1278,https://idp.lincoln.ac.uk/oala/metadata,University of Lincoln,lincoln,lincolnuk,lincolnuk.unity.ac,United Kingdom,Europe/London,en_GB,[a-zA-Z0-9\._-]*lincoln[.][a-zA-Z\._-]*ac[.]uk,,,
1285,https://idp.brookes.ac.uk/idp/shibboleth,Oxford Brookes University,brookes,brookesuk,brookes.unity.ac,United Kingdom,Europe/London,en_GB,[a-zA-Z0-9\._-]*brookes[.][a-zA-Z\._-]*ac[.]uk,,,
1293,https://shiblogin.hull.ac.uk/idp/shibboleth,University of Hull (Shibboleth),hull,hulluk,hull.unity.ac,United Kingdom,Europe/London,en_GB,[a-zA-Z0-9\._-]*hull[.][a-zA-Z\._-]*ac[.]uk,,,
1312,https://shibboleth.derby.ac.uk/idp/shibboleth,University of Derby Shibboleth,derby,derbyuk,derby.unity.ac,United Kingdom,Europe/London,en_GB,[a-zA-Z0-9\._-]*derby[.][a-zA-Z\._-]*ac[.]uk,,,
1316,https://shibboleth.plymouth.ac.uk/idp/shibboleth,Plymouth University 2014,plymouth,plymouthuk,plymouth.unity.ac,United Kingdom,Europe/London,en_GB,[a-zA-Z0-9\._-]*plymouth[.][a-zA-Z\._-]*ac[.]uk,,,
1328,https://idp.brunel.ac.uk/entity,Brunel University (New),brunel,bruneluk,brunel.unity.ac,United Kingdom,Europe/London,en_GB,[a-zA-Z0-9\._-]*brunel[.][a-zA-Z\._-]*ac[.]uk,,,
1344,https://shib.gcu.ac.uk/idp/shibboleth,Glasgow Caledonian University,gcu,gcuuk,gcu.unity.ac,United Kingdom,Europe/London,en_GB,[a-zA-Z0-9\._-]*gcal[.][a-zA-Z\._-]*ac[.]uk|[a-zA-Z0-9\._-]*gcu[.][a-zA-Z\._-]*ac[.]uk,,,
1366,https://idp.yorksj.ac.uk/oala,York St John University (New),yorksj,yorksjuk,yorksj.unity.ac,United Kingdom,Europe/London,en_GB,[a-zA-Z0-9\._-]*yorksj[.][a-zA-Z\._-]*ac[.]uk,,,
1645,https://idp.unipg.it/idp/shibboleth,Università degli studi di Perugia,unipg,unipgit,unipg.unity.ac,Italy,Europe/Rome,it_IT,[a-zA-Z0-9\._-]*unipg[.][a-zA-Z\._-]*it,,,
1720,https://login.services.uu.nl/nidp/saml2/metadata,Universiteit Utrecht,uu,uunl,uunl.unity.ac,Netherlands,Europe/Amsterdam,nl_NL,[a-zA-Z0-9\._-]*uu[.][a-zA-Z\._-]*nl,,,
1821,https://utwente.nl/,Universiteit Twente,utwente,utwentenl,utwente.unity.ac,Netherlands,Europe/Amsterdam,nl_NL,[a-zA-Z0-9\._-]*utwente[.][a-zA-Z\._-]*nl,,,
1857,urn:mace:kuleuven.be:kulassoc:khleuven.be,KHLeuven,khleuven,khleuvenbe,khleuven.unity.ac,Belgium,Europe/Brussels,nl_NL,[a-zA-Z0-9\._-]*khleuven[.][a-zA-Z\._-]*be,,,
2277,https://zididp.uni-graz.at/idp/shibboleth,Universität Graz,uni-graz,uni-grazat,uni-graz.unity.ac,Austria,Europe/Vienna,de_DE,[a-zA-Z0-9\._-]*uni-graz[.][a-zA-Z\._-]*at,,,
2285,http://iam.auckland.ac.nz/idp,The University of Auckland,auckland,aucklandnz,auckland.unity.ac,New Zealand,Pacific/Auckland,en_GB,[a-zA-Z0-9\._-]*auckland[.][a-zA-Z\._-]*ac[.]nz,,,
2286,https://idp.agresearch.co.nz/idp/shibboleth,AgResearch,agresearch,agresearchnz,agresearch.unity.ac,New Zealand,Pacific/Auckland,en_GB,[a-zA-Z0-9\._-]*agresearch[.][a-zA-Z\._-]*co[.]nz,,,
2287,https://idp.aut.ac.nz/idp/shibboleth,AUT University,aut,autnz,aut.unity.ac,New Zealand,Pacific/Auckland,en_GB,[a-zA-Z0-9\._-]*aut[.][a-zA-Z\._-]*ac[.]nz,,,
2288,https://idp.canterbury.ac.nz/idp/shibboleth,University of Canterbury,canterbury,canterburynz,canterburynz.unity.ac,New Zealand,Pacific/Auckland,en_GB,[a-zA-Z0-9\._-]*canterbury[.][a-zA-Z\._-]*ac[.]nz,,,
2289,https://idp.cpit.ac.nz/idp/shibboleth,CPIT,cpit,cpitnz,cpit.unity.ac,New Zealand,Pacific/Auckland,en_GB,[a-zA-Z0-9\._-]*cpit[.][a-zA-Z\._-]*ac[.]nz,,,
2290,https://idp.esr.cri.nz/idp/shibboleth,ESR,esr,esrnz,esr.unity.ac,New Zealand,Pacific/Auckland,en_GB,[a-zA-Z0-9\._-]*esr[.][a-zA-Z\._-]*cri[.]nz,,,
2291,https://idp.landcareresearch.co.nz/idp/shibboleth,Landcare Research,landcareresearch,landcareresearchnz,landcareresearch.unity.ac,New Zealand,Pacific/Auckland,en_GB,[a-zA-Z0-9\._-]*landcareresearch[.][a-zA-Z\._-]*co[.]nz,,,
2292,https://idp.lincoln.ac.nz/idp/shibboleth,Lincoln University,lincoln,lincolnnz,lincolnnz.unity.ac,New Zealand,Pacific/Auckland,en_GB,[a-zA-Z0-9\._-]*lincoln[.][a-zA-Z\._-]*ac[.]nz,,,
2293,https://idp.massey.ac.nz/idp/shibboleth,Massey University,massey,masseynz,massey.unity.ac,New Zealand,Pacific/Auckland,en_GB,[a-zA-Z0-9\._-]*massey[.][a-zA-Z\._-]*ac[.]nz,,,
2294,https://idp.niwa.co.nz/idp/shibboleth,NIWA,niwa,niwanz,niwa.unity.ac,New Zealand,Pacific/Auckland,en_GB,[a-zA-Z0-9\._-]*niwa[.][a-zA-Z\._-]*co[.]nz,,,
2295,https://idp.otago.ac.nz/idp/shibboleth,University of Otago,otago,otagonz,otago.unity.ac,New Zealand,Pacific/Auckland,en_GB,[a-zA-Z0-9\._-]*otago[.][a-zA-Z\._-]*ac[.]nz,,,
2296,https://idp.plantandfood.co.nz/idp/shibboleth,Plant and Food Research,plantandfood,plantandfoodnz,plantandfood.unity.ac,New Zealand,Pacific/Auckland,en_GB,[a-zA-Z0-9\._-]*plantandfood[.][a-zA-Z\._-]*co[.]nz,,,
2298,https://idp.vuw.ac.nz/idp/shibboleth,Victoria University of Wellington,vuw,vuwnz,vuw.unity.ac,New Zealand,Pacific/Auckland,en_GB,[a-zA-Z0-9\._-]*vuw[.][a-zA-Z\._-]*ac[.]nz,,,
2299,https://idp.waikato.ac.nz/idp/shibboleth,Waikato University,waikato,waikatonz,waikato.unity.ac,New Zealand,Pacific/Auckland,en_GB,[a-zA-Z0-9\._-]*waikato[.][a-zA-Z\._-]*ac[.]nz,,,
